dataset,threshold,number_of_shapelets,mode of cancellation,inverted,cnn_train_confidence,cnn_test_confidence,ls_train_confidence,ls_test_confidence,rand_train_confidence,rand_test_confidence,avg_total_area_size_cnn,avg_total_area_size_ls,avg_total_area_size_rand
Coffee,,,-,-,0.9998289409077386,0.9936974805595743,0.9998289409077386,0.9936974805595743,0.9998289409077386,0.9936974805595743,,,
Coffee,0.703125,1.0,zero,False,0.4984429265771594,0.5334862811224801,0.6994967293106238,0.7244172378947376,0.7469324540363707,0.7136819822682792,28.0,28.0,28.0
Coffee,0.703125,1.0,linear,False,0.7935690947467395,0.6789574044419818,0.9994159816783633,0.9866721610957144,0.8945435614158098,0.9148613805144912,28.0,28.0,28.0
Coffee,0.703125,1.0,mean,False,0.9834453611861217,0.9099541023728241,0.9996030619228975,0.9969889102091608,0.9991236998460076,0.976496574591275,28.0,28.0,28.0
Coffee,0.703125,1.0,zero,True,0.8984098332262872,0.8197668841827703,0.39324287278577685,0.4451757889453022,0.5919254696229519,0.496675993299424,28.0,28.0,28.0
Coffee,0.703125,1.0,linear,True,0.501140377351216,0.5363310277462006,0.37320740621362347,0.42906723622062215,0.4700327794576131,0.5391665316765608,28.0,28.0,28.0
Coffee,0.703125,1.0,mean,True,0.9058120865270861,0.9362050059633995,0.7346773794186967,0.6230278462171555,0.6765267344973316,0.6612448318878056,28.0,28.0,28.0
Coffee,0.703125,2.0,zero,False,0.4984429265771594,0.5334862811224801,0.9939257292646302,0.9664103180688707,0.892015766035887,0.6815463145396895,28.0,28.0,28.0
Coffee,0.703125,2.0,linear,False,0.7935690947467395,0.6789574044419818,0.9998471871753666,0.99398708447054,0.9997551167645168,0.9751811034618817,28.0,28.0,28.0
Coffee,0.703125,2.0,mean,False,0.9834453611861217,0.9099541023728241,0.999734754431938,0.9728273563029975,0.9996636589349451,0.989869860500428,28.0,28.0,28.0
Coffee,0.703125,2.0,zero,True,0.8984098332262872,0.8197668841827703,0.4652417317203279,0.49350367353430813,0.3974128456109949,0.5718940870291139,28.0,28.0,28.0
Coffee,0.703125,2.0,linear,True,0.501140377351216,0.5363310277462006,0.43157897922459854,0.5242264600736755,0.5175746276586811,0.6315323664513437,28.0,28.0,28.0
Coffee,0.703125,2.0,mean,True,0.9058120865270861,0.9362050059633995,0.5446352905460766,0.5168093953813826,0.6749161807154971,0.6082364569218563,28.0,28.0,28.0
Coffee,0.703125,3.0,zero,False,0.4984429265771594,0.5334862811224801,0.7037902603362158,0.8545195663658188,0.7746415574897298,0.7537190255047234,28.0,27.0,27.0
Coffee,0.703125,3.0,linear,False,0.7935690947467395,0.6789574044419818,0.999776307078503,0.9984470921291314,0.9998438863257235,0.9957012471580401,28.0,27.0,27.0
Coffee,0.703125,3.0,mean,False,0.9834453611861217,0.9099541023728241,0.9995973444717395,0.9934039151965148,0.9996122872219578,0.9957577142294213,28.0,27.0,27.0
Coffee,0.703125,3.0,zero,True,0.8984098332262872,0.8197668841827703,0.5824809853636128,0.41352063666064554,0.5963924317534293,0.5055171471428699,28.0,27.0,27.0
Coffee,0.703125,3.0,linear,True,0.501140377351216,0.5363310277462006,0.624988557600383,0.4470864458068847,0.5627029523344818,0.5956129785576536,28.0,27.0,27.0
Coffee,0.703125,3.0,mean,True,0.9058120865270861,0.9362050059633995,0.6300922395395381,0.560589214520795,0.6208993336185813,0.66147527258311,28.0,27.0,27.0
Coffee,0.703125,4.0,zero,False,0.4984429265771594,0.5334862811224801,0.5929261836958589,0.5643854729149543,0.8861067653696354,0.791305105223108,28.0,28.0,28.0
Coffee,0.703125,4.0,linear,False,0.7935690947467395,0.6789574044419818,0.9998233426555073,0.9966043416016659,0.9966887134716658,0.9932250970114477,28.0,28.0,28.0
Coffee,0.703125,4.0,mean,False,0.9834453611861217,0.9099541023728241,0.999318803940017,0.980745650074754,0.9995920539600861,0.9904833936987752,28.0,28.0,28.0
Coffee,0.703125,4.0,zero,True,0.8984098332262872,0.8197668841827703,0.4270852633884975,0.41356587409973145,0.5305164835769379,0.48499367820503336,28.0,28.0,28.0
Coffee,0.703125,4.0,linear,True,0.501140377351216,0.5363310277462006,0.4536899628183164,0.3440311948265844,0.60058864714714,0.5421356731535322,28.0,28.0,28.0
Coffee,0.703125,4.0,mean,True,0.9058120865270861,0.9362050059633995,0.5679270021085228,0.5843247835125243,0.6681454864197544,0.6795686576515436,28.0,28.0,28.0
Coffee,0.703125,5.0,zero,False,0.4984429265771594,0.5334862811224801,0.9304059481207383,0.9026967235566598,0.8015705689893085,0.7504527660718319,28.0,25.0,25.0
Coffee,0.703125,5.0,linear,False,0.7935690947467395,0.6789574044419818,0.9997967409172145,0.9936810006519889,0.9997557337621009,0.9926549157119418,28.0,25.0,25.0
Coffee,0.703125,5.0,mean,False,0.9834453611861217,0.9099541023728241,0.9995965099988283,0.9818311261041767,0.9995777699875124,0.9929293899634634,28.0,25.0,25.0
Coffee,0.703125,5.0,zero,True,0.8984098332262872,0.8197668841827703,0.5,0.5134672692843846,0.5242072597985887,0.6047197253995233,28.0,25.0,25.0
Coffee,0.703125,5.0,linear,True,0.501140377351216,0.5363310277462006,0.49977997796876095,0.5133945643901825,0.44286871813589357,0.4950726402477784,28.0,25.0,25.0
Coffee,0.703125,5.0,mean,True,0.9058120865270861,0.9362050059633995,0.5,0.510448660169329,0.6688005174842796,0.7236903770161527,28.0,25.0,25.0
Coffee,0.5078125,1.0,zero,False,0.1526764302816852,0.21480874906676817,0.6071433685676522,0.7465033687026668,0.5980586041696507,0.5988377348400855,57.0,57.0,57.0
Coffee,0.5078125,1.0,linear,False,0.5000347601515907,0.5354730529444558,0.6741550169317269,0.7834758877285741,0.706695878488943,0.6718336601004009,57.0,57.0,57.0
Coffee,0.5078125,1.0,mean,False,0.9109257494478048,0.7995046758421398,0.9991482927902889,0.9785307320889031,0.9947129498377867,0.9657100197163503,57.0,57.0,57.0
Coffee,0.5078125,1.0,zero,True,0.9590736064515542,0.9941892462838048,0.39535346310843866,0.2549885642593501,0.6127919260962231,0.5148197160287891,57.0,57.0,57.0
Coffee,0.5078125,1.0,linear,True,0.6789894862395158,0.6886780136098554,0.6378357196476178,0.6324572093643448,0.5213687828169566,0.5948350681693779,57.0,57.0,57.0
Coffee,0.5078125,1.0,mean,True,0.996441770454859,0.9680686491245589,0.8419217835513076,0.7827582255538021,0.8719523666077293,0.8490856050048023,57.0,57.0,57.0
Coffee,0.5078125,2.0,zero,False,0.1526764302816852,0.21480874906676817,0.9599174355117593,0.8978308293652388,0.7141899799773812,0.6431875179312233,57.0,56.0,56.0
Coffee,0.5078125,2.0,linear,False,0.5000347601515907,0.5354730529444558,0.9993338584225472,0.9494386502337591,0.9148048472485786,0.8021193010101262,57.0,56.0,56.0
Coffee,0.5078125,2.0,mean,False,0.9109257494478048,0.7995046758421398,0.9996482945123556,0.9749918355845121,0.9938201805989604,0.9397176636064434,57.0,56.0,56.0
Coffee,0.5078125,2.0,zero,True,0.9590736064515542,0.9941892462838048,0.5,0.5134672692843846,0.4521604873611641,0.4505732370246949,57.0,56.0,56.0
Coffee,0.5078125,2.0,linear,True,0.6789894862395158,0.6886780136098554,0.4982628971338272,0.507033394915717,0.4035302470813955,0.5766235117087908,57.0,56.0,56.0
Coffee,0.5078125,2.0,mean,True,0.996441770454859,0.9680686491245589,0.5,0.510448660169329,0.803746658543657,0.8141095376174365,57.0,56.0,56.0
Coffee,0.5078125,3.0,zero,False,0.1526764302816852,0.21480874906676817,0.809880622908804,0.8032495778822157,0.5860832248612671,0.5969923661240957,57.0,57.0,57.0
Coffee,0.5078125,3.0,linear,False,0.5000347601515907,0.5354730529444558,0.9852752143621478,0.9628128507510497,0.9720544220923658,0.8896287964247741,57.0,57.0,57.0
Coffee,0.5078125,3.0,mean,False,0.9109257494478048,0.7995046758421398,0.9989984871289538,0.9926612789152419,0.9985560985117437,0.963157423113133,57.0,57.0,57.0
Coffee,0.5078125,3.0,zero,True,0.9590736064515542,0.9941892462838048,0.5108723363706044,0.5270286633500031,0.7099790655702363,0.6926268116235836,57.0,57.0,57.0
Coffee,0.5078125,3.0,linear,True,0.6789894862395158,0.6886780136098554,0.49608056666329503,0.6159394143947533,0.5607170610833715,0.7309706363608575,57.0,57.0,57.0
Coffee,0.5078125,3.0,mean,True,0.996441770454859,0.9680686491245589,0.505484324480806,0.5342624826090676,0.7745639920093319,0.78059592619372,57.0,57.0,57.0
Coffee,0.5078125,4.0,zero,False,0.1526764302816852,0.21480874906676817,0.7069463833860601,0.6128816387870643,0.5558443325355482,0.8209035681312914,57.0,56.0,56.0
Coffee,0.5078125,4.0,linear,False,0.5000347601515907,0.5354730529444558,0.9996389172727241,0.997179264744643,0.9565381204468569,0.9835204653323473,57.0,56.0,56.0
Coffee,0.5078125,4.0,mean,False,0.9109257494478048,0.7995046758421398,0.999272596444392,0.9615426123934461,0.9902532949064344,0.9761855108293308,57.0,56.0,56.0
Coffee,0.5078125,4.0,zero,True,0.9590736064515542,0.9941892462838048,0.4996710071074111,0.47722249504710945,0.6570882184729001,0.3839421662046253,57.0,56.0,56.0
Coffee,0.5078125,4.0,linear,True,0.6789894862395158,0.6886780136098554,0.4742874694722039,0.4996584196175847,0.6424188371866844,0.44702789012304056,57.0,56.0,56.0
Coffee,0.5078125,4.0,mean,True,0.996441770454859,0.9680686491245589,0.5092986476208483,0.5478934497971619,0.8256013950199953,0.7944074552277536,57.0,56.0,56.0
Coffee,0.5078125,5.0,zero,False,0.1526764302816852,0.21480874906676817,0.8972645930314502,0.902637417096795,0.8291111740683277,0.41800650853666055,57.0,55.0,55.0
Coffee,0.5078125,5.0,linear,False,0.5000347601515907,0.5354730529444558,0.9998977025159862,0.9966643882718424,0.9831339041701179,0.9606069958651874,57.0,55.0,55.0
Coffee,0.5078125,5.0,mean,False,0.9109257494478048,0.7995046758421398,0.9991511544195838,0.9828972164414641,0.9942566440256897,0.9742509380072225,57.0,55.0,55.0
Coffee,0.5078125,5.0,zero,True,0.9590736064515542,0.9941892462838048,0.5110012143850327,0.5134672692843846,0.40309880301814716,0.7610771904175637,57.0,55.0,55.0
Coffee,0.5078125,5.0,linear,True,0.6789894862395158,0.6886780136098554,0.49263619525091984,0.5357142899717604,0.5506114778477795,0.7255666284015607,57.0,55.0,55.0
Coffee,0.5078125,5.0,mean,True,0.996441770454859,0.9680686491245589,0.513807190316064,0.510448660169329,0.728352968256721,0.8063557760324329,57.0,55.0,55.0
Coffee,0.4140625,1.0,zero,False,0.10002448891139137,0.12459316564560852,0.5742980042688206,0.5619634558539786,0.5498074342797431,0.5030056809390532,85.0,85.0,85.0
Coffee,0.4140625,1.0,linear,False,0.5000082850456238,0.5354131609201431,0.6571997097146993,0.5854442327639862,0.6210492024592369,0.7267318899228148,85.0,85.0,85.0
Coffee,0.4140625,1.0,mean,False,0.8037856580444246,0.7419916646821159,0.9931027973849008,0.9637207183983004,0.9524307712194968,0.9778623813680432,85.0,85.0,85.0
Coffee,0.4140625,1.0,zero,True,0.9998844168056013,0.9656536491612586,0.5434002956848849,0.539175805551821,0.557296576541325,0.6225558660824531,85.0,85.0,85.0
Coffee,0.4140625,1.0,linear,True,0.7546593009527507,0.7474653425888391,0.5391568748319904,0.5663947573895192,0.6823087722821217,0.6773197669130933,85.0,85.0,85.0
Coffee,0.4140625,1.0,mean,True,0.9984472404270913,0.9891095907071953,0.8960137530687332,0.8402027592216785,0.9334465580411363,0.8377843209455023,85.0,85.0,85.0
Coffee,0.4140625,2.0,zero,False,0.10002448891139137,0.12459316564560852,0.8985849638510139,0.8794350856100615,0.5469045289196879,0.49600737612669676,85.0,84.0,84.0
Coffee,0.4140625,2.0,linear,False,0.5000082850456238,0.5354131609201431,0.9440864631277384,0.9334755028987008,0.8166213977675445,0.6314856150946823,85.0,84.0,84.0
Coffee,0.4140625,2.0,mean,False,0.8037856580444246,0.7419916646821159,0.9995338702758448,0.9729545820817123,0.9898912751535509,0.9876661791925585,85.0,84.0,84.0
Coffee,0.4140625,2.0,zero,True,0.9998844168056013,0.9656536491612586,0.3954534037071531,0.432516438607114,0.5724916474532769,0.6810965996196128,85.0,84.0,84.0
Coffee,0.4140625,2.0,linear,True,0.7546593009527507,0.7474653425888391,0.45863194495033055,0.4792886730872843,0.6486125625063706,0.6615800095052029,85.0,84.0,84.0
Coffee,0.4140625,2.0,mean,True,0.9984472404270913,0.9891095907071953,0.7416840918096048,0.7102562999352813,0.8703894489798196,0.8325538670843733,85.0,84.0,84.0
Coffee,0.4140625,3.0,zero,False,0.10002448891139137,0.12459316564560852,0.7103979668553354,0.6042130440272281,0.595685888653473,0.6558984655978816,85.0,84.0,84.0
Coffee,0.4140625,3.0,linear,False,0.5000082850456238,0.5354131609201431,0.755622535804051,0.7238837113179526,0.7426301896958374,0.8078577629196544,85.0,84.0,84.0
Coffee,0.4140625,3.0,mean,False,0.8037856580444246,0.7419916646821159,0.99757300260981,0.9350022215543115,0.9711261297987619,0.9590884690943905,85.0,84.0,84.0
Coffee,0.4140625,3.0,zero,True,0.9998844168056013,0.9656536491612586,0.436174949683066,0.42432199664472137,0.5297128004338995,0.44730316990103647,85.0,84.0,84.0
Coffee,0.4140625,3.0,linear,True,0.7546593009527507,0.7474653425888391,0.4511993995984085,0.41304364038764363,0.5992372713594052,0.47283664104803746,85.0,84.0,84.0
Coffee,0.4140625,3.0,mean,True,0.9984472404270913,0.9891095907071953,0.5592873639294079,0.524186025772776,0.9244120218726104,0.8507630172617999,85.0,84.0,84.0
Coffee,0.4140625,4.0,zero,False,0.10002448891139137,0.12459316564560852,0.8064380735408831,0.854821827050172,0.6822006319621513,0.6057330076970977,85.0,84.0,84.0
Coffee,0.4140625,4.0,linear,False,0.5000082850456238,0.5354131609201431,0.9584634575879707,0.9508073742337929,0.8920883738084289,0.8830167202217998,85.0,84.0,84.0
Coffee,0.4140625,4.0,mean,False,0.8037856580444246,0.7419916646821159,0.9984839421366648,0.9854795507867493,0.9956772690691709,0.9698654038290039,85.0,84.0,84.0
Coffee,0.4140625,4.0,zero,True,0.9998844168056013,0.9656536491612586,0.4111264816352299,0.4136227135147367,0.4763178787549872,0.5030710539602259,85.0,84.0,84.0
Coffee,0.4140625,4.0,linear,True,0.7546593009527507,0.7474653425888391,0.4384692651884896,0.42414650427443645,0.3992566138209518,0.6825079240042813,85.0,84.0,84.0
Coffee,0.4140625,4.0,mean,True,0.9984472404270913,0.9891095907071953,0.7329104913930808,0.7059510922325509,0.8658762499523749,0.793807521416706,85.0,84.0,84.0
Coffee,0.4140625,5.0,zero,False,0.10002448891139137,0.12459316564560852,0.9486194634687615,0.8700992580968472,0.604967116700837,0.6499838312899637,85.0,85.0,85.0
Coffee,0.4140625,5.0,linear,False,0.5000082850456238,0.5354131609201431,0.9744900605100335,0.884403967032865,0.9216857467356151,0.8638522907017163,85.0,85.0,85.0
Coffee,0.4140625,5.0,mean,False,0.8037856580444246,0.7419916646821159,0.9980711641835123,0.9713135738697402,0.9948544617967452,0.9535087669847664,85.0,85.0,85.0
Coffee,0.4140625,5.0,zero,True,0.9998844168056013,0.9656536491612586,0.5,0.5134672692843846,0.5138721869411191,0.5255150921114818,85.0,85.0,85.0
Coffee,0.4140625,5.0,linear,True,0.7546593009527507,0.7474653425888391,0.4997788390942982,0.5131899118423462,0.4898668229633921,0.5597697040146314,85.0,85.0,85.0
Coffee,0.4140625,5.0,mean,True,0.9984472404270913,0.9891095907071953,0.5,0.510448660169329,0.9048988525527031,0.8418899678586708,85.0,85.0,85.0
Coffee,0.33203125,1.0,zero,False,0.3314740871600017,0.44443709516365615,0.6365961361485206,0.5919843302567522,0.43604636820339115,0.4715117440562141,114.0,114.0,114.0
Coffee,0.33203125,1.0,linear,False,0.4999716196741376,0.5356153164591109,0.9887283198719383,0.9548531114921602,0.3894891618219489,0.4967410950451302,114.0,114.0,114.0
Coffee,0.33203125,1.0,mean,False,0.6733183968546135,0.6706609270934547,0.9713602397922452,0.9396427505482409,0.9610464500211882,0.8976213239476627,114.0,114.0,114.0
Coffee,0.33203125,1.0,zero,True,0.9996737829104493,0.9747724834103824,0.542728875364576,0.5527660101652145,0.6470954452916788,0.6021198247282826,114.0,114.0,114.0
Coffee,0.33203125,1.0,linear,True,0.8950900117383104,0.8268899389102964,0.5000832038266319,0.5357818603515625,0.8837246805766706,0.6520816674183497,114.0,114.0,114.0
Coffee,0.33203125,1.0,mean,True,0.9994561164987152,0.9947489437742405,0.9510799954900904,0.8459223960916721,0.9652923032674282,0.944081073014656,114.0,114.0,114.0
Coffee,0.33203125,2.0,zero,False,0.3314740871600017,0.44443709516365615,0.500023005264146,0.5357297488621303,0.5026622725569694,0.5375435518810141,114.0,114.0,114.0
Coffee,0.33203125,2.0,linear,False,0.4999716196741376,0.5356153164591109,0.5100491770676204,0.5363141255719321,0.7006707007045734,0.6017284000951274,114.0,114.0,114.0
Coffee,0.33203125,2.0,mean,False,0.6733183968546135,0.6706609270934547,0.9794848324173862,0.9086045353630782,0.9604962354218516,0.8937602658823047,114.0,114.0,114.0
Coffee,0.33203125,2.0,zero,True,0.9996737829104493,0.9747724834103824,0.5,0.5134672692843846,0.5603492473046883,0.6629777981559023,114.0,114.0,114.0
Coffee,0.33203125,2.0,linear,True,0.8950900117383104,0.8268899389102964,0.7814616102425913,0.7811350227150666,0.6027206177023734,0.6315013122857588,114.0,114.0,114.0
Coffee,0.33203125,2.0,mean,True,0.9994561164987152,0.9947489437742405,0.5,0.510448660169329,0.9568609315277854,0.9700928255188046,114.0,114.0,114.0
Coffee,0.33203125,3.0,zero,False,0.3314740871600017,0.44443709516365615,0.6077745173670901,0.563668499485479,0.752346885920083,0.6672416387378574,114.0,114.0,114.0
Coffee,0.33203125,3.0,linear,False,0.4999716196741376,0.5356153164591109,0.6900471988543369,0.6669631659455726,0.7367320092323126,0.7695929903332482,114.0,114.0,114.0
Coffee,0.33203125,3.0,mean,False,0.6733183968546135,0.6706609270934547,0.989374661070136,0.9699482288063207,0.9794524304454951,0.9828381882570706,114.0,114.0,114.0
Coffee,0.33203125,3.0,zero,True,0.9996737829104493,0.9747724834103824,0.5,0.5134672692843846,0.4719702913210372,0.4048452109635008,114.0,114.0,114.0
Coffee,0.33203125,3.0,linear,True,0.8950900117383104,0.8268899389102964,0.49990449632917133,0.5125845670700073,0.5589966169490432,0.5506687797949655,114.0,114.0,114.0
Coffee,0.33203125,3.0,mean,True,0.9994561164987152,0.9947489437742405,0.5,0.510448660169329,0.8867463520893933,0.867960863749821,114.0,114.0,114.0
Coffee,0.33203125,4.0,zero,False,0.3314740871600017,0.44443709516365615,0.8406863144822316,0.8056490924193276,0.6160361014531246,0.7083839383683816,114.0,112.0,112.0
Coffee,0.33203125,4.0,linear,False,0.4999716196741376,0.5356153164591109,0.9864050292749396,0.9120962240146377,0.7869131709799271,0.8294110972590217,114.0,112.0,112.0
Coffee,0.33203125,4.0,mean,False,0.6733183968546135,0.6706609270934547,0.960836535427526,0.9199283293089268,0.9914751803415075,0.9637598805836903,114.0,112.0,112.0
Coffee,0.33203125,4.0,zero,True,0.9996737829104493,0.9747724834103824,0.511120549270085,0.5134672692843846,0.5730475799973629,0.5648917570924836,114.0,112.0,112.0
Coffee,0.33203125,4.0,linear,True,0.8950900117383104,0.8268899389102964,0.49997249458517345,0.5355183354445866,0.5865983621157511,0.5498621844921077,114.0,112.0,112.0
Coffee,0.33203125,4.0,mean,True,0.9994561164987152,0.9947489437742405,0.5052167177200317,0.510448660169329,0.9186430321756883,0.8593570393230558,114.0,112.0,112.0
Coffee,0.33203125,5.0,zero,False,0.3314740871600017,0.44443709516365615,0.6913034209174276,0.768928951187627,0.6367021262980146,0.5596529128915487,114.0,110.0,110.0
Coffee,0.33203125,5.0,linear,False,0.4999716196741376,0.5356153164591109,0.8287306565469748,0.9347204759956605,0.8033448294009815,0.8163858637033822,114.0,110.0,110.0
Coffee,0.33203125,5.0,mean,False,0.6733183968546135,0.6706609270934547,0.9771795070352839,0.958271943105631,0.9500258725314501,0.9604420475268723,114.0,110.0,110.0
Coffee,0.33203125,5.0,zero,True,0.9996737829104493,0.9747724834103824,0.5095959710223334,0.5134672692843846,0.598653796982065,0.5346552071907513,114.0,110.0,110.0
Coffee,0.33203125,5.0,linear,True,0.8950900117383104,0.8268899389102964,0.5194918726171767,0.5169795134237835,0.6167099255247745,0.79083234017345,114.0,110.0,110.0
Coffee,0.33203125,5.0,mean,True,0.9994561164987152,0.9947489437742405,0.5077206300837653,0.510448660169329,0.9444929690058805,0.8797126865247265,114.0,110.0,110.0
Coffee,0.21484375,1.0,zero,False,0.5217789368970054,0.5210871749690601,0.5000577767076253,0.46432143017392935,0.5588242734695861,0.4673731187619682,143.0,143.0,143.0
Coffee,0.21484375,1.0,linear,False,0.4986770493643624,0.5426871010235378,0.5000565611169729,0.4643256559404383,0.6703416900596992,0.6249992800958724,143.0,143.0,143.0
Coffee,0.21484375,1.0,mean,False,0.5640883584107672,0.5767537903572832,0.9687797731187727,0.9567566091053388,0.913981457036633,0.919612572897157,143.0,143.0,143.0
Coffee,0.21484375,1.0,zero,True,0.9991444220458043,0.9951223279003378,0.5001924591405051,0.5358472615480423,0.6704992608985652,0.7100631515903175,143.0,143.0,143.0
Coffee,0.21484375,1.0,linear,True,0.9993390125195104,0.9856040454783356,0.5002033838203975,0.5358550867864064,0.6040400795515065,0.6355050489937231,143.0,143.0,143.0
Coffee,0.21484375,1.0,mean,True,0.9997626040340645,0.9964957332251879,0.9812875041423662,0.8869308351914599,0.9811611744796339,0.9354754104176338,143.0,143.0,143.0
Coffee,0.21484375,2.0,zero,False,0.5217789368970054,0.5210871749690601,0.5019298025539943,0.5364188807351249,0.6279414526420248,0.5127851974972604,143.0,142.0,142.0
Coffee,0.21484375,2.0,linear,False,0.4986770493643624,0.5426871010235378,0.5003319616828645,0.5359982145684106,0.6156866535558481,0.6077053948904074,143.0,142.0,142.0
Coffee,0.21484375,2.0,mean,False,0.5640883584107672,0.5767537903572832,0.7521850557199546,0.744889251029755,0.912390312506724,0.9430774339184609,143.0,142.0,142.0
Coffee,0.21484375,2.0,zero,True,0.9991444220458043,0.9951223279003378,0.7295647309780421,0.6757479429010455,0.5229672149593527,0.5094673080056228,143.0,142.0,142.0
Coffee,0.21484375,2.0,linear,True,0.9993390125195104,0.9856040454783356,0.9832988068612336,0.951579113302519,0.6867932444388463,0.6797802626157824,143.0,142.0,142.0
Coffee,0.21484375,2.0,mean,True,0.9997626040340645,0.9964957332251879,0.9994939916509996,0.979538875641489,0.9796852564430277,0.9059181016861463,143.0,142.0,142.0
Coffee,0.21484375,3.0,zero,False,0.5217789368970054,0.5210871749690601,0.5715569406747818,0.537407853773662,0.37747517661375574,0.645024273418251,143.0,141.0,141.0
Coffee,0.21484375,3.0,linear,False,0.4986770493643624,0.5426871010235378,0.5715072942631476,0.5360146462917328,0.5070444680730791,0.6620940909582255,143.0,141.0,141.0
Coffee,0.21484375,3.0,mean,False,0.5640883584107672,0.5767537903572832,0.9739487924884348,0.8822377193272197,0.9217038990936999,0.9251907991748729,143.0,141.0,141.0
Coffee,0.21484375,3.0,zero,True,0.9991444220458043,0.9951223279003378,0.4285855356132663,0.4642959091250919,0.6441302524438977,0.5104413448433174,143.0,141.0,141.0
Coffee,0.21484375,3.0,linear,True,0.9993390125195104,0.9856040454783356,0.5354090850201568,0.6069920314404129,0.7251401755559378,0.5959582951208987,143.0,141.0,141.0
Coffee,0.21484375,3.0,mean,True,0.9997626040340645,0.9964957332251879,0.980277562192766,0.9684242287356548,0.9917172908406248,0.9119044069662517,143.0,141.0,141.0
Coffee,0.21484375,4.0,zero,False,0.5217789368970054,0.5210871749690601,0.8977617253326693,0.7949067078770571,0.6126236727147593,0.5047922356876735,143.0,140.0,140.0
Coffee,0.21484375,4.0,linear,False,0.4986770493643624,0.5426871010235378,0.9856164486524667,0.9742338061314872,0.675517950838633,0.6527767406638417,143.0,140.0,140.0
Coffee,0.21484375,4.0,mean,False,0.5640883584107672,0.5767537903572832,0.9889501887665375,0.9051130554560943,0.9518937939443016,0.8886673433340287,143.0,140.0,140.0
Coffee,0.21484375,4.0,zero,True,0.9991444220458043,0.9951223279003378,0.49904372649533413,0.5134672692843846,0.614620501369904,0.6373244295393158,143.0,140.0,140.0
Coffee,0.21484375,4.0,linear,True,0.9993390125195104,0.9856040454783356,0.5103714231933867,0.5134769592966353,0.7208119425257317,0.7150420047533619,143.0,140.0,140.0
Coffee,0.21484375,4.0,mean,True,0.9997626040340645,0.9964957332251879,0.5208365427596229,0.510448660169329,0.9620286325901232,0.9435512488370088,143.0,140.0,140.0
Coffee,0.21484375,5.0,zero,False,0.5217789368970054,0.5210871749690601,0.6867051820400898,0.6378246080374692,0.607654879793259,0.7422213096042363,143.0,140.0,140.0
Coffee,0.21484375,5.0,linear,False,0.4986770493643624,0.5426871010235378,0.8556054279831913,0.8116008531485451,0.7936516085584637,0.8732272824145788,143.0,140.0,140.0
Coffee,0.21484375,5.0,mean,False,0.5640883584107672,0.5767537903572832,0.9686627060545691,0.888548646451974,0.9716703906253229,0.9542598031326536,143.0,140.0,140.0
Coffee,0.21484375,5.0,zero,True,0.9991444220458043,0.9951223279003378,0.4998772612639836,0.5135044881275722,0.5606522550091066,0.4282369601079301,143.0,140.0,140.0
Coffee,0.21484375,5.0,linear,True,0.9993390125195104,0.9856040454783356,0.40701851807534695,0.43412465987993143,0.6705645569163754,0.5779344227079464,143.0,140.0,140.0
Coffee,0.21484375,5.0,mean,True,0.9997626040340645,0.9964957332251879,0.5016688598053796,0.5111541875771114,0.9792461882706058,0.9046182068861006,143.0,140.0,140.0
GunPoint,,,-,-,0.9910775280047769,0.9132232871159527,0.9910775280047769,0.9132232871159527,0.9910775280047769,0.9132232871159527,,,
GunPoint,0.9931640625,1.0,zero,False,0.6398041658881597,0.5948599986875416,0.48992399434709777,0.5089173655108128,0.6331826113075893,0.6762478328539465,15.0,15.0,15.0
GunPoint,0.9931640625,1.0,linear,False,0.9910997298444217,0.9131725475954598,0.985852209003937,0.9173878757903775,0.9928412932354727,0.9034036154110047,15.0,15.0,15.0
GunPoint,0.9931640625,1.0,mean,False,0.9912318652091756,0.9081783934612788,0.9518299552048274,0.8965956195983609,0.9589497461326066,0.88272303784803,15.0,15.0,15.0
GunPoint,0.9931640625,1.0,zero,True,0.5145481253979411,0.49333333333333207,0.52,0.4933333333333333,0.52,0.4933333333333333,15.0,15.0,15.0
GunPoint,0.9931640625,1.0,linear,True,0.5472499108672458,0.49333870575459626,0.6894341078630788,0.622026019235167,0.5452417851958051,0.4918735496613603,15.0,15.0,15.0
GunPoint,0.9931640625,1.0,mean,True,0.5943933438962622,0.6024874639949725,0.6435658562917768,0.5615236804178695,0.5367410728884133,0.5708633594280692,15.0,15.0,15.0
GunPoint,0.9931640625,2.0,zero,False,0.6398041658881597,0.5948599986875416,0.8328769426208834,0.8014907976385948,0.6228660922005353,0.6769227234395907,15.0,14.0,14.0
GunPoint,0.9931640625,2.0,linear,False,0.9910997298444217,0.9131725475954598,0.9911824806350347,0.9149264871395203,0.9897986250620959,0.9127962261406773,15.0,14.0,14.0
GunPoint,0.9931640625,2.0,mean,False,0.9912318652091756,0.9081783934612788,0.9458289980243871,0.8605329638207838,0.9558771145770061,0.8963980662602961,15.0,14.0,14.0
GunPoint,0.9931640625,2.0,zero,True,0.5145481253979411,0.49333333333333207,0.52,0.4933333333333333,0.52,0.4933333333333333,15.0,14.0,14.0
GunPoint,0.9931640625,2.0,linear,True,0.5472499108672458,0.49333870575459626,0.759768520902959,0.635911079838692,0.5631142021603059,0.5000017977510468,15.0,14.0,14.0
GunPoint,0.9931640625,2.0,mean,True,0.5943933438962622,0.6024874639949725,0.572552815196373,0.5535313320670048,0.6412245905967018,0.5980762043124259,15.0,14.0,14.0
GunPoint,0.9931640625,3.0,zero,False,0.6398041658881597,0.5948599986875416,0.596497201803361,0.5814698783037785,0.7820144853360953,0.6277753668482935,15.0,15.0,15.0
GunPoint,0.9931640625,3.0,linear,False,0.9910997298444217,0.9131725475954598,0.9887542679785138,0.9127197232406067,0.9908736129155775,0.9126449508964982,15.0,15.0,15.0
GunPoint,0.9931640625,3.0,mean,False,0.9912318652091756,0.9081783934612788,0.9776970695520861,0.9221951486176244,0.9492645525539783,0.8815548838897533,15.0,15.0,15.0
GunPoint,0.9931640625,3.0,zero,True,0.5145481253979411,0.49333333333333207,0.52,0.4933333333333333,0.52,0.4933333333333333,15.0,15.0,15.0
GunPoint,0.9931640625,3.0,linear,True,0.5472499108672458,0.49333870575459626,0.499628498545314,0.5259249423428765,0.5987270772930063,0.5453877163101741,15.0,15.0,15.0
GunPoint,0.9931640625,3.0,mean,True,0.5943933438962622,0.6024874639949725,0.4875577068328858,0.50615514198939,0.65501124328468,0.5886089097879358,15.0,15.0,15.0
GunPoint,0.9931640625,4.0,zero,False,0.6398041658881597,0.5948599986875416,0.5748196082229655,0.5624930249011826,0.744550340482997,0.6669547010582644,15.0,12.0,12.0
GunPoint,0.9931640625,4.0,linear,False,0.9910997298444217,0.9131725475954598,0.9905762309464085,0.911726755330517,0.990584925088599,0.9107398544909915,15.0,12.0,12.0
GunPoint,0.9931640625,4.0,mean,False,0.9912318652091756,0.9081783934612788,0.9794591236269475,0.9136864182762163,0.9732748683539139,0.8859457299020643,15.0,12.0,12.0
GunPoint,0.9931640625,4.0,zero,True,0.5145481253979411,0.49333333333333207,0.52,0.4933333333333333,0.52,0.4933333333333333,15.0,12.0,12.0
GunPoint,0.9931640625,4.0,linear,True,0.5472499108672458,0.49333870575459626,0.48994919651581326,0.49218347832159215,0.69465608101107,0.570573916797576,15.0,12.0,12.0
GunPoint,0.9931640625,4.0,mean,True,0.5943933438962622,0.6024874639949725,0.4789753627777099,0.5188301700427352,0.646619582543203,0.5750966164341904,15.0,12.0,12.0
GunPoint,0.9931640625,5.0,zero,False,0.6398041658881597,0.5948599986875416,0.6476982194441729,0.6243300940950746,0.7810341583887179,0.6599999970855146,15.0,15.0,15.0
GunPoint,0.9931640625,5.0,linear,False,0.9910997298444217,0.9131725475954598,0.9899556782545389,0.914184768693663,0.9907576908077874,0.9130678119509275,15.0,15.0,15.0
GunPoint,0.9931640625,5.0,mean,False,0.9912318652091756,0.9081783934612788,0.9776714801849418,0.8895558508137003,0.9786793312917823,0.8800625886643274,15.0,15.0,15.0
GunPoint,0.9931640625,5.0,zero,True,0.5145481253979411,0.49333333333333207,0.52,0.4933333333333333,0.52,0.4933333333333333,15.0,15.0,15.0
GunPoint,0.9931640625,5.0,linear,True,0.5472499108672458,0.49333870575459626,0.5373775989475158,0.4898418338848971,0.6758766139254664,0.6382192698177168,15.0,15.0,15.0
GunPoint,0.9931640625,5.0,mean,True,0.5943933438962622,0.6024874639949725,0.641399661526084,0.5629332885146141,0.633836720456602,0.5952916528683379,15.0,15.0,15.0
GunPoint,0.97265625,1.0,zero,False,0.620116018761603,0.5096429782465005,0.7684070593299516,0.6220071644129144,0.6508672188994842,0.5692510280434127,30.0,30.0,30.0
GunPoint,0.97265625,1.0,linear,False,0.9909130560532433,0.9141128092142233,0.73849589190713,0.722855298428799,0.905617040359399,0.8458261127751558,30.0,30.0,30.0
GunPoint,0.97265625,1.0,mean,False,0.986533937723243,0.9091828424945423,0.8204866611942102,0.7653848141355237,0.8401580977676903,0.8054585782474685,30.0,30.0,30.0
GunPoint,0.97265625,1.0,zero,True,0.45937967032187654,0.4533343009886046,0.5200000024629343,0.4933333408903555,0.52000000000003,0.4933334303641488,30.0,30.0,30.0
GunPoint,0.97265625,1.0,linear,True,0.5431447379893116,0.4933334428295587,0.7816850106564766,0.6908684113712,0.594446499369278,0.5181757953780648,30.0,30.0,30.0
GunPoint,0.97265625,1.0,mean,True,0.7101794013922378,0.6528386814888428,0.7000635805013147,0.7142783979105711,0.5979009384779641,0.6407471123243469,30.0,30.0,30.0
GunPoint,0.97265625,2.0,zero,False,0.620116018761603,0.5096429782465005,0.706570687789714,0.5846953298304596,0.5439581399753214,0.5570190133003725,30.0,30.0,30.0
GunPoint,0.97265625,2.0,linear,False,0.9909130560532433,0.9141128092142233,0.9950515227373526,0.9164323660583636,0.9551451341441621,0.8861749270429583,30.0,30.0,30.0
GunPoint,0.97265625,2.0,mean,False,0.986533937723243,0.9091828424945423,0.8892562123544304,0.78894827146048,0.8425663345889405,0.8447828322156361,30.0,30.0,30.0
GunPoint,0.97265625,2.0,zero,True,0.45937967032187654,0.4533343009886046,0.52,0.4933333333333333,0.5199998518231124,0.4933335057970073,30.0,30.0,30.0
GunPoint,0.97265625,2.0,linear,True,0.5431447379893116,0.4933334428295587,0.6915916928505876,0.6871933577694423,0.7236253826353065,0.5896189122794311,30.0,30.0,30.0
GunPoint,0.97265625,2.0,mean,True,0.7101794013922378,0.6528386814888428,0.6353626350450283,0.5509834825224778,0.7925664840638031,0.6670364848702534,30.0,30.0,30.0
GunPoint,0.97265625,3.0,zero,False,0.620116018761603,0.5096429782465005,0.4483518501977709,0.5269975423738837,0.6124117431327445,0.5964046646395224,30.0,30.0,30.0
GunPoint,0.97265625,3.0,linear,False,0.9909130560532433,0.9141128092142233,0.9876616148733777,0.9045600795557838,0.9875520957392068,0.9205945466434089,30.0,30.0,30.0
GunPoint,0.97265625,3.0,mean,False,0.986533937723243,0.9091828424945423,0.8143977770657649,0.7655650591099821,0.9153590893337987,0.8727180000220104,30.0,30.0,30.0
GunPoint,0.97265625,3.0,zero,True,0.45937967032187654,0.4533343009886046,0.52,0.4933333333333333,0.52,0.49333333333334095,30.0,30.0,30.0
GunPoint,0.97265625,3.0,linear,True,0.5431447379893116,0.4933334428295587,0.5846609237476719,0.5384729980126124,0.698391623189486,0.5408920243461327,30.0,30.0,30.0
GunPoint,0.97265625,3.0,mean,True,0.7101794013922378,0.6528386814888428,0.6545476713991969,0.5608667198816522,0.7226515116187902,0.6125609276681343,30.0,30.0,30.0
GunPoint,0.97265625,4.0,zero,False,0.620116018761603,0.5096429782465005,0.656366368740771,0.7172539092323531,0.521262318762082,0.5689766716582421,30.0,28.0,28.0
GunPoint,0.97265625,4.0,linear,False,0.9909130560532433,0.9141128092142233,0.9890507694916248,0.9050382139939372,0.9888588103378353,0.9076932469135476,30.0,28.0,28.0
GunPoint,0.97265625,4.0,mean,False,0.986533937723243,0.9091828424945423,0.8301906670856889,0.731379163769799,0.9565529050171722,0.8589741855416324,30.0,28.0,28.0
GunPoint,0.97265625,4.0,zero,True,0.45937967032187654,0.4533343009886046,0.52,0.4933333333333333,0.52,0.4933333333333333,30.0,28.0,28.0
GunPoint,0.97265625,4.0,linear,True,0.5431447379893116,0.4933334428295587,0.5449270245923827,0.5082660741964169,0.7257217633196591,0.6808348905823034,30.0,28.0,28.0
GunPoint,0.97265625,4.0,mean,True,0.7101794013922378,0.6528386814888428,0.4965057132857783,0.5087249930699667,0.6247857368918479,0.6585828604080511,30.0,28.0,28.0
GunPoint,0.97265625,5.0,zero,False,0.620116018761603,0.5096429782465005,0.6735713072035963,0.6610648635774119,0.6205980599423258,0.5199656542560455,30.0,30.0,30.0
GunPoint,0.97265625,5.0,linear,False,0.9909130560532433,0.9141128092142233,0.9904267364494399,0.9122268364776778,0.9888850330497453,0.9142389579579763,30.0,30.0,30.0
GunPoint,0.97265625,5.0,mean,False,0.986533937723243,0.9091828424945423,0.8741035216207151,0.758531485764814,0.9680793269747243,0.845154075656239,30.0,30.0,30.0
GunPoint,0.97265625,5.0,zero,True,0.45937967032187654,0.4533343009886046,0.52,0.4933333333333333,0.52,0.4933333333333336,30.0,30.0,30.0
GunPoint,0.97265625,5.0,linear,True,0.5431447379893116,0.4933334428295587,0.6468678388698932,0.5737873610715167,0.7378988842400698,0.6774368826654229,30.0,30.0,30.0
GunPoint,0.97265625,5.0,mean,True,0.7101794013922378,0.6528386814888428,0.6107863414209795,0.5531462006022215,0.6909357558364893,0.6888478188971101,30.0,30.0,30.0
GunPoint,0.875,1.0,zero,False,0.6199955599839524,0.5333316014693459,0.52,0.4866370372179487,0.5393416848894061,0.5371667590953362,45.0,45.0,45.0
GunPoint,0.875,1.0,linear,False,0.989254665477816,0.9143167689471857,0.9157532938348394,0.8475580748372991,0.7797324663241024,0.7565692713487825,45.0,45.0,45.0
GunPoint,0.875,1.0,mean,False,0.9203455780843983,0.8475895002899805,0.9071279020269079,0.829875085839649,0.794882027459164,0.8136002427566571,45.0,45.0,45.0
GunPoint,0.875,1.0,zero,True,0.4345902056033174,0.4259260268528907,0.518670817454606,0.493344274489917,0.5200012441894132,0.49333894226748465,45.0,45.0,45.0
GunPoint,0.875,1.0,linear,True,0.5597258588453577,0.49333515128340466,0.4574542899388023,0.47627898836835536,0.6212584873643869,0.6012827460344197,45.0,45.0,45.0
GunPoint,0.875,1.0,mean,True,0.7617902141017036,0.7283899734348985,0.5961939568066451,0.6809043428969987,0.6712980038125982,0.6523785566811027,45.0,45.0,45.0
GunPoint,0.875,2.0,zero,False,0.6199955599839524,0.5333316014693459,0.541603981835457,0.5197077262527003,0.4869173017843783,0.5514594871110277,45.0,44.0,44.0
GunPoint,0.875,2.0,linear,False,0.989254665477816,0.9143167689471857,0.990993784974642,0.9324088931732065,0.9538084988575393,0.87906410438492,45.0,44.0,44.0
GunPoint,0.875,2.0,mean,False,0.9203455780843983,0.8475895002899805,0.9119887549223641,0.8444930720948686,0.890251723604848,0.794874374952604,45.0,44.0,44.0
GunPoint,0.875,2.0,zero,True,0.4345902056033174,0.4259260268528907,0.5399593818221133,0.49668650253858204,0.52848676317683,0.507660235416953,45.0,44.0,44.0
GunPoint,0.875,2.0,linear,True,0.5597258588453577,0.49333515128340466,0.4835811704939741,0.46703787522106976,0.6953127714036615,0.5547487360122034,45.0,44.0,44.0
GunPoint,0.875,2.0,mean,True,0.7617902141017036,0.7283899734348985,0.37883203719263703,0.5524167437331302,0.7727932150518916,0.6468747157102648,45.0,44.0,44.0
GunPoint,0.875,3.0,zero,False,0.6199955599839524,0.5333316014693459,0.4488833013549409,0.45861799950809234,0.4836674994592032,0.5353004344413271,45.0,45.0,45.0
GunPoint,0.875,3.0,linear,False,0.989254665477816,0.9143167689471857,0.982305020738156,0.9064322889221965,0.9532945658215026,0.8869519473987277,45.0,45.0,45.0
GunPoint,0.875,3.0,mean,False,0.9203455780843983,0.8475895002899805,0.8354413287660521,0.7217408589227978,0.8320861182097887,0.791399921080018,45.0,45.0,45.0
GunPoint,0.875,3.0,zero,True,0.4345902056033174,0.4259260268528907,0.52,0.4933333333333333,0.5199999855543698,0.49376630490147666,45.0,45.0,45.0
GunPoint,0.875,3.0,linear,True,0.5597258588453577,0.49333515128340466,0.47586206454323265,0.4923491931909517,0.7736734318280838,0.6031161408517596,45.0,45.0,45.0
GunPoint,0.875,3.0,mean,True,0.7617902141017036,0.7283899734348985,0.5805872920989918,0.5971022372773664,0.78402292351905,0.6832021636020522,45.0,45.0,45.0
GunPoint,0.875,4.0,zero,False,0.6199955599839524,0.5333316014693459,0.5011521251862945,0.4976513555764752,0.5298055334484808,0.5478175430975261,45.0,44.0,44.0
GunPoint,0.875,4.0,linear,False,0.989254665477816,0.9143167689471857,0.9811674939482798,0.8859447644198607,0.9782593963815117,0.905987418347673,45.0,44.0,44.0
GunPoint,0.875,4.0,mean,False,0.9203455780843983,0.8475895002899805,0.7093015951053989,0.6249855853801147,0.8549156824994859,0.7932331430264338,45.0,44.0,44.0
GunPoint,0.875,4.0,zero,True,0.4345902056033174,0.4259260268528907,0.52,0.4933333333333333,0.5199992486118714,0.4977522733445058,45.0,44.0,44.0
GunPoint,0.875,4.0,linear,True,0.5597258588453577,0.49333515128340466,0.7682728319065139,0.640467375817781,0.7966669661099607,0.7166652386461179,45.0,44.0,44.0
GunPoint,0.875,4.0,mean,True,0.7617902141017036,0.7283899734348985,0.6489267688241536,0.5535869455434683,0.7829483784341513,0.6953669426237103,45.0,44.0,44.0
GunPoint,0.875,5.0,zero,False,0.6199955599839524,0.5333316014693459,0.5691085750632892,0.5898250380794645,0.6054781904274207,0.5207538331727126,45.0,45.0,45.0
GunPoint,0.875,5.0,linear,False,0.989254665477816,0.9143167689471857,0.9883396060577142,0.9068412627694791,0.9869549061237043,0.9087263104301248,45.0,45.0,45.0
GunPoint,0.875,5.0,mean,False,0.9203455780843983,0.8475895002899805,0.7899676998520944,0.7453766437756142,0.8526567228841413,0.8078960886451823,45.0,45.0,45.0
GunPoint,0.875,5.0,zero,True,0.4345902056033174,0.4259260268528907,0.52,0.4933333333333333,0.5199999999999548,0.49333345006208495,45.0,45.0,45.0
GunPoint,0.875,5.0,linear,True,0.5597258588453577,0.49333515128340466,0.48039771895538774,0.49377534413760404,0.8181580951761244,0.7434781858014592,45.0,45.0,45.0
GunPoint,0.875,5.0,mean,True,0.7617902141017036,0.7283899734348985,0.5010474590212106,0.5138365959981248,0.7860828265935318,0.7289337966395484,45.0,45.0,45.0
GunPoint,0.5625,1.0,zero,False,0.6199991774559079,0.5266664210956999,0.52,0.4933333333333333,0.5199998232184351,0.49333332256410245,60.0,60.0,60.0
GunPoint,0.5625,1.0,linear,False,0.9208037360233071,0.8122142391453353,0.8361423161700631,0.7051873824478491,0.7178618946288078,0.6455543600346352,60.0,60.0,60.0
GunPoint,0.5625,1.0,mean,False,0.7901480556486024,0.7901237570597998,0.9452788131033817,0.8672164387816919,0.7911171635921924,0.737511658946377,60.0,60.0,60.0
GunPoint,0.5625,1.0,zero,True,0.5235588414269274,0.4972590971651969,0.690293502950886,0.6313673719895437,0.5296318216053117,0.46909254506730325,60.0,60.0,60.0
GunPoint,0.5625,1.0,linear,True,0.6295279594294346,0.5746803312934099,0.5036352456699185,0.5090645646379808,0.649991949075652,0.6191254657695542,60.0,60.0,60.0
GunPoint,0.5625,1.0,mean,True,0.8029331623901438,0.7315823268413593,0.6636979308084143,0.641632956307528,0.6566105663385589,0.6747706069823007,60.0,60.0,60.0
GunPoint,0.5625,2.0,zero,False,0.6199991774559079,0.5266664210956999,0.5798533031366462,0.5242932025239156,0.5000850868279559,0.48516896471525417,60.0,60.0,60.0
GunPoint,0.5625,2.0,linear,False,0.9208037360233071,0.8122142391453353,0.7664957079699106,0.7419709031054178,0.7986266419319812,0.7532037551392998,60.0,60.0,60.0
GunPoint,0.5625,2.0,mean,False,0.7901480556486024,0.7901237570597998,0.8207721649071273,0.7365716042118002,0.7588543642882846,0.7452518751750232,60.0,60.0,60.0
GunPoint,0.5625,2.0,zero,True,0.5235588414269274,0.4972590971651969,0.52,0.4933332252443263,0.596424903028997,0.540122592572801,60.0,60.0,60.0
GunPoint,0.5625,2.0,linear,True,0.6295279594294346,0.5746803312934099,0.500812908368556,0.49335354492594063,0.7638675908043884,0.7019892540993244,60.0,60.0,60.0
GunPoint,0.5625,2.0,mean,True,0.8029331623901438,0.7315823268413593,0.5593650611667684,0.5860115469865801,0.7319705432922399,0.7442049559627602,60.0,60.0,60.0
GunPoint,0.5625,3.0,zero,False,0.6199991774559079,0.5266664210956999,0.5003120013106388,0.49333287670736603,0.5602581757635553,0.5097526440259423,60.0,60.0,60.0
GunPoint,0.5625,3.0,linear,False,0.9208037360233071,0.8122142391453353,0.9719390997878798,0.9200470028719712,0.9386490633699496,0.8326858874351585,60.0,60.0,60.0
GunPoint,0.5625,3.0,mean,False,0.7901480556486024,0.7901237570597998,0.8843171256303531,0.8345142428825347,0.7450031334018232,0.7228467528375678,60.0,60.0,60.0
GunPoint,0.5625,3.0,zero,True,0.5235588414269274,0.4972590971651969,0.52,0.4933333333333333,0.5200014432884668,0.5220456269546925,60.0,60.0,60.0
GunPoint,0.5625,3.0,linear,True,0.6295279594294346,0.5746803312934099,0.6097453713785739,0.5445251834521492,0.7986944835711292,0.7424694895726165,60.0,60.0,60.0
GunPoint,0.5625,3.0,mean,True,0.8029331623901438,0.7315823268413593,0.5224721628427506,0.5145416977008184,0.8316361867817512,0.7580695995420665,60.0,60.0,60.0
GunPoint,0.5625,4.0,zero,False,0.6199991774559079,0.5266664210956999,0.5062535242392556,0.4791507214368099,0.5681037431772187,0.5141397916665593,60.0,60.0,60.0
GunPoint,0.5625,4.0,linear,False,0.9208037360233071,0.8122142391453353,0.9272296031406126,0.8370078528688003,0.9252895240636076,0.847834263147208,60.0,60.0,60.0
GunPoint,0.5625,4.0,mean,False,0.7901480556486024,0.7901237570597998,0.7416780564322764,0.7297775851795076,0.90212057761623,0.7614567739350666,60.0,60.0,60.0
GunPoint,0.5625,4.0,zero,True,0.5235588414269274,0.4972590971651969,0.5200000184713571,0.4932186347662221,0.5399999340712723,0.4800033562846179,60.0,60.0,60.0
GunPoint,0.5625,4.0,linear,True,0.6295279594294346,0.5746803312934099,0.6198932487051871,0.5462345106198103,0.9140692428791571,0.7867338230370717,60.0,60.0,60.0
GunPoint,0.5625,4.0,mean,True,0.8029331623901438,0.7315823268413593,0.6563392452709955,0.6544166744623079,0.8611846119934867,0.7242189115112421,60.0,60.0,60.0
GunPoint,0.5625,5.0,zero,False,0.6199991774559079,0.5266664210956999,0.45345485358816295,0.43325557243608337,0.5649090420618292,0.5186628213492112,60.0,60.0,60.0
GunPoint,0.5625,5.0,linear,False,0.9208037360233071,0.8122142391453353,0.9623487203203462,0.8627075126546286,0.9671939714127421,0.8739655020448359,60.0,60.0,60.0
GunPoint,0.5625,5.0,mean,False,0.7901480556486024,0.7901237570597998,0.7941218328598796,0.7140709998739909,0.8113768743595642,0.77742688718902,60.0,60.0,60.0
GunPoint,0.5625,5.0,zero,True,0.5235588414269274,0.4972590971651969,0.52,0.4933333333333333,0.5200000005740666,0.4944619363716798,60.0,60.0,60.0
GunPoint,0.5625,5.0,linear,True,0.6295279594294346,0.5746803312934099,0.5200126010224361,0.49335652158852694,0.7863378776948705,0.7542534509607826,60.0,60.0,60.0
GunPoint,0.5625,5.0,mean,True,0.8029331623901438,0.7315823268413593,0.4848131370544434,0.50649569272995,0.7486152994055362,0.7697138270332757,60.0,60.0,60.0
GunPoint,0.28125,1.0,zero,False,0.5999999594688415,0.5199999976158143,0.52,0.4933333333333333,0.5199999967559443,0.49333333365254817,75.0,75.0,75.0
GunPoint,0.28125,1.0,linear,False,0.7631404129526063,0.6682142650702634,0.6201100046020833,0.562500109921833,0.7135810923449282,0.5757188673166892,75.0,75.0,75.0
GunPoint,0.28125,1.0,mean,False,0.764933480953797,0.7859083541956992,0.8051393749068205,0.7852742043825166,0.755518246716986,0.6803728086137274,75.0,75.0,75.0
GunPoint,0.28125,1.0,zero,True,0.5763242178219515,0.5370631506593141,0.6196859965244961,0.5988738433986157,0.5438017677679495,0.48925429326369907,75.0,75.0,75.0
GunPoint,0.28125,1.0,linear,True,0.798723671423589,0.7420868175519926,0.8505870811328813,0.7385539506176628,0.6805181375653879,0.6674279878969895,75.0,75.0,75.0
GunPoint,0.28125,1.0,mean,True,0.8408145140527032,0.7217759798621528,0.7833767835068367,0.7173361171920318,0.6718851182852466,0.7506643431853101,75.0,75.0,75.0
GunPoint,0.28125,2.0,zero,False,0.5999999594688415,0.5199999976158143,0.5203193708003745,0.49335553020427414,0.5399498536520477,0.4822297423264611,75.0,74.0,74.0
GunPoint,0.28125,2.0,linear,False,0.7631404129526063,0.6682142650702634,0.8683184943182092,0.8033303348012355,0.8532094521949021,0.7511627631454714,75.0,74.0,74.0
GunPoint,0.28125,2.0,mean,False,0.764933480953797,0.7859083541956992,0.8733779719572509,0.7747752712714422,0.6986994441950856,0.6970370654002582,75.0,74.0,74.0
GunPoint,0.28125,2.0,zero,True,0.5763242178219515,0.5370631506593141,0.5002579736778796,0.4714722203617576,0.6021303569700436,0.5416153879008845,75.0,74.0,74.0
GunPoint,0.28125,2.0,linear,True,0.798723671423589,0.7420868175519926,0.45740516654266183,0.4984127948569127,0.7969271850574704,0.7122002953462516,75.0,74.0,74.0
GunPoint,0.28125,2.0,mean,True,0.8408145140527032,0.7217759798621528,0.49806395807892534,0.5994038956767425,0.8288666412922812,0.7526764642308826,75.0,74.0,74.0
GunPoint,0.28125,3.0,zero,False,0.5999999594688415,0.5199999976158143,0.440729892157145,0.477898766292684,0.5369226152852122,0.48284551825618993,75.0,75.0,75.0
GunPoint,0.28125,3.0,linear,False,0.7631404129526063,0.6682142650702634,0.7053570000164372,0.6436360607784057,0.8434654873967745,0.8281793143321807,75.0,75.0,75.0
GunPoint,0.28125,3.0,mean,False,0.764933480953797,0.7859083541956992,0.4974182007763688,0.5548522077496088,0.8527050792581393,0.7229941844322647,75.0,75.0,75.0
GunPoint,0.28125,3.0,zero,True,0.5763242178219515,0.5370631506593141,0.52,0.4933333333333333,0.5358241830497447,0.5556214935550541,75.0,75.0,75.0
GunPoint,0.28125,3.0,linear,True,0.798723671423589,0.7420868175519926,0.5249853065356858,0.5059323663363939,0.9007372329424799,0.8285212490613281,75.0,75.0,75.0
GunPoint,0.28125,3.0,mean,True,0.8408145140527032,0.7217759798621528,0.4848819959163666,0.5311510367901064,0.7820138709685515,0.7594689300160158,75.0,75.0,75.0
GunPoint,0.28125,4.0,zero,False,0.5999999594688415,0.5199999976158143,0.46060499401306254,0.4592338803074083,0.5200206211212126,0.5066129873878729,75.0,72.0,72.0
GunPoint,0.28125,4.0,linear,False,0.7631404129526063,0.6682142650702634,0.9144573039490855,0.8566801461150444,0.9269497185559489,0.8568488389005673,75.0,72.0,72.0
GunPoint,0.28125,4.0,mean,False,0.764933480953797,0.7859083541956992,0.5361961023418971,0.5951617593714671,0.8522636109509674,0.6997405780154811,75.0,72.0,72.0
GunPoint,0.28125,4.0,zero,True,0.5763242178219515,0.5370631506593141,0.5199999999999996,0.49333333333333373,0.5060454616279753,0.5176321310189633,75.0,72.0,72.0
GunPoint,0.28125,4.0,linear,True,0.798723671423589,0.7420868175519926,0.5208043074405371,0.49705077887903193,0.822113608870278,0.7887651473268025,75.0,72.0,72.0
GunPoint,0.28125,4.0,mean,True,0.8408145140527032,0.7217759798621528,0.5786527240643646,0.5905337036219999,0.7853403644247958,0.8042084772823918,75.0,72.0,72.0
GunPoint,0.28125,5.0,zero,False,0.5999999594688415,0.5199999976158143,0.5015216534463235,0.453179691195459,0.5196627668345317,0.49309074540911035,75.0,75.0,75.0
GunPoint,0.28125,5.0,linear,False,0.7631404129526063,0.6682142650702634,0.893014755813494,0.8202759065610221,0.8893121433572277,0.87587523787875,75.0,75.0,75.0
GunPoint,0.28125,5.0,mean,False,0.764933480953797,0.7859083541956992,0.6751265022880675,0.6531767123402619,0.7586783357737746,0.7512609232719916,75.0,75.0,75.0
GunPoint,0.28125,5.0,zero,True,0.5763242178219515,0.5370631506593141,0.5200000000002877,0.49333333333341434,0.5199992418526351,0.49160432885768834,75.0,75.0,75.0
GunPoint,0.28125,5.0,linear,True,0.798723671423589,0.7420868175519926,0.8503706890522771,0.6783421537981933,0.9375158905712767,0.8371743001123096,75.0,75.0,75.0
GunPoint,0.28125,5.0,mean,True,0.8408145140527032,0.7217759798621528,0.7552418755037038,0.6748587798897849,0.8353003074231439,0.7533594445086733,75.0,75.0,75.0
PowerCons,,,-,-,0.9999999923722428,0.9999990982240418,0.9999999923722428,0.9999990982240418,0.9999999923722428,0.9999990982240418,,,
PowerCons,0.9921875,1.0,zero,False,0.9983861264943038,0.9999982535983977,0.9913488072976444,0.9888885192786784,0.9444694450511129,0.9484007240488523,14.0,14.0,14.0
PowerCons,0.9921875,1.0,linear,False,0.9999999914111997,0.9999989955871167,0.9999995150572608,0.9999987953037878,0.999986463919216,0.9877968407296359,14.0,14.0,14.0
PowerCons,0.9921875,1.0,mean,False,0.9999902408207686,0.9998411544608506,0.9905824836556968,0.9974093366037708,0.969939487517997,0.9935968871460041,14.0,14.0,14.0
PowerCons,0.9921875,1.0,zero,True,0.5096984399896529,0.5042122378117508,0.5,0.5,0.5555187843628492,0.5464989537671057,14.0,14.0,14.0
PowerCons,0.9921875,1.0,linear,True,0.9218087466246742,0.8583817769319728,0.6804934350131622,0.6453632902962517,0.6824733196166357,0.682616853042097,14.0,14.0,14.0
PowerCons,0.9921875,1.0,mean,True,0.5221756784533096,0.564448078612612,0.5274209372124258,0.5672196235947518,0.5943054600298339,0.6200633118017695,14.0,14.0,14.0
PowerCons,0.9921875,2.0,zero,False,0.9983861264943038,0.9999982535983977,0.8411032903078686,0.8649031043339931,0.9636820041415083,0.9735097680751736,14.0,14.0,14.0
PowerCons,0.9921875,2.0,linear,False,0.9999999914111997,0.9999989955871167,0.991302927152273,0.9999981648920943,0.9999999919241856,0.9999989432843316,14.0,14.0,14.0
PowerCons,0.9921875,2.0,mean,False,0.9999902408207686,0.9998411544608506,0.9416593139927122,0.9790837677166818,0.9896957689993178,0.9963711340251259,14.0,14.0,14.0
PowerCons,0.9921875,2.0,zero,True,0.5096984399896529,0.5042122378117508,0.6823439738966095,0.5936536036292235,0.538348808744292,0.5168397216201226,14.0,14.0,14.0
PowerCons,0.9921875,2.0,linear,True,0.9218087466246742,0.8583817769319728,0.7962088753243668,0.7611190586761862,0.7477306813587306,0.7060381494792909,14.0,14.0,14.0
PowerCons,0.9921875,2.0,mean,True,0.5221756784533096,0.564448078612612,0.5476202005005959,0.6014172448021788,0.5904686678625795,0.6514569071520757,14.0,14.0,14.0
PowerCons,0.9921875,3.0,zero,False,0.9983861264943038,0.9999982535983977,0.9366431308756631,0.9458353155293432,0.9945945402153183,0.9787862291852294,14.0,12.0,12.0
PowerCons,0.9921875,3.0,linear,False,0.9999999914111997,0.9999989955871167,0.9999999850496799,0.9999991453459831,0.9999999896623926,0.9999991663947319,14.0,12.0,12.0
PowerCons,0.9921875,3.0,mean,False,0.9999902408207686,0.9998411544608506,0.9842074352077415,0.9977305356938316,0.9999995375243779,0.9962027084863312,14.0,12.0,12.0
PowerCons,0.9921875,3.0,zero,True,0.5096984399896529,0.5042122378117508,0.5000000264909532,0.5000000059604645,0.524502207000477,0.5019273287720151,14.0,12.0,12.0
PowerCons,0.9921875,3.0,linear,True,0.9218087466246742,0.8583817769319728,0.7485737794117265,0.6305082661518993,0.7278873950039371,0.7391815738438898,14.0,12.0,12.0
PowerCons,0.9921875,3.0,mean,True,0.5221756784533096,0.564448078612612,0.5441380406768892,0.5661614353640203,0.5901930465107885,0.6242242960410691,14.0,12.0,12.0
PowerCons,0.9921875,4.0,zero,False,0.9983861264943038,0.9999982535983977,0.946448419639927,0.9791045376255253,0.9940464936776662,0.9901386398178815,14.0,12.0,12.0
PowerCons,0.9921875,4.0,linear,False,0.9999999914111997,0.9999989955871167,0.9999999792747979,0.9999991362709989,0.9999999943839479,0.9999991518480879,14.0,12.0,12.0
PowerCons,0.9921875,4.0,mean,False,0.9999902408207686,0.9998411544608506,0.997437313287853,0.9988291013327547,0.999432597104636,0.999996401081028,14.0,12.0,12.0
PowerCons,0.9921875,4.0,zero,True,0.5096984399896529,0.5042122378117508,0.5050591156714492,0.5050591004391511,0.5056785954369066,0.5000565124882592,14.0,12.0,12.0
PowerCons,0.9921875,4.0,linear,True,0.9218087466246742,0.8583817769319728,0.6288872937977246,0.5962316286711031,0.8100043975717366,0.7603207043525603,14.0,12.0,12.0
PowerCons,0.9921875,4.0,mean,True,0.5221756784533096,0.564448078612612,0.5122513673126892,0.5104971345665995,0.6260072271758159,0.6749550998951552,14.0,12.0,12.0
PowerCons,0.9921875,5.0,zero,False,0.9983861264943038,0.9999982535983977,0.9465927179681516,0.9497513043936117,0.9946789189645229,0.9897140038680607,14.0,10.0,10.0
PowerCons,0.9921875,5.0,linear,False,0.9999999914111997,0.9999989955871167,0.9999999927357854,0.9999991412493185,0.9999999915865518,0.9999991382513023,14.0,10.0,10.0
PowerCons,0.9921875,5.0,mean,False,0.9999902408207686,0.9998411544608506,0.9860140304787619,0.9997980895173662,0.9999997079912009,0.9998436320948507,14.0,10.0,10.0
PowerCons,0.9921875,5.0,zero,True,0.5096984399896529,0.5042122378117508,0.5,0.5,0.5000000145700243,0.5000000013245476,14.0,10.0,10.0
PowerCons,0.9921875,5.0,linear,True,0.9218087466246742,0.8583817769319728,0.6720268491792489,0.6078026963095212,0.8201309769370486,0.8218077909630773,14.0,10.0,10.0
PowerCons,0.9921875,5.0,mean,True,0.5221756784533096,0.564448078612612,0.500366019931971,0.5152034457867318,0.6187057705149341,0.6795071841547464,14.0,10.0,10.0
PowerCons,0.9794921875,1.0,zero,False,0.9983486063149974,0.9999985912274272,0.9945213035993467,0.9888880902737267,0.8722627028988222,0.9101420515529761,28.0,28.0,28.0
PowerCons,0.9794921875,1.0,linear,False,0.9999999914213733,0.9999989492445653,0.9999999956703998,0.9999984028632408,0.9372881039767381,0.9635922507468276,28.0,28.0,28.0
PowerCons,0.9794921875,1.0,mean,False,0.994441803322246,0.9994398432060272,0.9059229595818598,0.9460082542949219,0.9414072325168971,0.9323532409925107,28.0,28.0,28.0
PowerCons,0.9794921875,1.0,zero,True,0.5222287810499723,0.5111111093774132,0.5,0.5,0.6357229641890871,0.5893702527318858,28.0,28.0,28.0
PowerCons,0.9794921875,1.0,linear,True,0.9331959799997894,0.907973789112605,0.6073853678137164,0.6001096199977858,0.7719893282769558,0.6666168918551205,28.0,28.0,28.0
PowerCons,0.9794921875,1.0,mean,True,0.5716238907936781,0.6730624302424992,0.6439167286394882,0.692060751513903,0.6328246590997327,0.6728670132230214,28.0,28.0,28.0
PowerCons,0.9794921875,2.0,zero,False,0.9983486063149974,0.9999985912274272,0.9943472511292684,0.9944897350465911,0.8999352939384438,0.8870922649469325,28.0,28.0,28.0
PowerCons,0.9794921875,2.0,linear,False,0.9999999914213733,0.9999989492445653,0.9999999960763415,0.9999998547761736,0.9713737815060022,0.9834449328963495,28.0,28.0,28.0
PowerCons,0.9794921875,2.0,mean,False,0.994441803322246,0.9994398432060272,0.9504945607595565,0.9838817392328104,0.9552673189839718,0.9760821453387902,28.0,28.0,28.0
PowerCons,0.9794921875,2.0,zero,True,0.5222287810499723,0.5111111093774132,0.5,0.5,0.59179186533231,0.5896300686571155,28.0,28.0,28.0
PowerCons,0.9794921875,2.0,linear,True,0.9331959799997894,0.907973789112605,0.6264063186849597,0.5960303559180933,0.8021279836288125,0.7393237207644396,28.0,28.0,28.0
PowerCons,0.9794921875,2.0,mean,True,0.5716238907936781,0.6730624302424992,0.5603856303121475,0.5822458385578082,0.630303135072358,0.7141906260570678,28.0,28.0,28.0
PowerCons,0.9794921875,3.0,zero,False,0.9983486063149974,0.9999985912274272,0.8997437574487837,0.8579906859951244,0.9219044945803293,0.8945935664634093,28.0,27.0,27.0
PowerCons,0.9794921875,3.0,linear,False,0.9999999914213733,0.9999989492445653,0.9944353854378547,0.9999947507416754,0.9943955416146475,0.9943959367107045,28.0,27.0,27.0
PowerCons,0.9794921875,3.0,mean,False,0.994441803322246,0.9994398432060272,0.9744191374273129,0.9818802622133488,0.9726266315436215,0.9872518538191772,28.0,27.0,27.0
PowerCons,0.9794921875,3.0,zero,True,0.5222287810499723,0.5111111093774132,0.5057449915821441,0.510905460982273,0.5683820503644694,0.5895387609165033,28.0,27.0,27.0
PowerCons,0.9794921875,3.0,linear,True,0.9331959799997894,0.907973789112605,0.6605771729750738,0.6423085122350065,0.812986176991514,0.867139582011394,28.0,27.0,27.0
PowerCons,0.9794921875,3.0,mean,True,0.5716238907936781,0.6730624302424992,0.5167011487012283,0.5545762864339718,0.6929419698073624,0.7495892851822132,28.0,27.0,27.0
PowerCons,0.9794921875,4.0,zero,False,0.9983486063149974,0.9999985912274272,0.826996183640907,0.8500276390736279,0.9050363293225181,0.918426073106543,28.0,28.0,28.0
PowerCons,0.9794921875,4.0,linear,False,0.9999999914213733,0.9999989492445653,0.990171008139675,0.9999985787472849,0.9999956756160587,0.9999991203247958,28.0,28.0,28.0
PowerCons,0.9794921875,4.0,mean,False,0.994441803322246,0.9994398432060272,0.9750733804993588,0.9774877417275013,0.9787665242283947,0.9982038459381977,28.0,28.0,28.0
PowerCons,0.9794921875,4.0,zero,True,0.5222287810499723,0.5111111093774132,0.5335314742844964,0.52222224971893,0.5857785130645083,0.5492006487981678,28.0,28.0,28.0
PowerCons,0.9794921875,4.0,linear,True,0.9331959799997894,0.907973789112605,0.6746580108851861,0.6023362965425785,0.8502445001173846,0.7722921929328137,28.0,28.0,28.0
PowerCons,0.9794921875,4.0,mean,True,0.5716238907936781,0.6730624302424992,0.5006568823438469,0.5266725880820111,0.6998755467953328,0.6972699555677546,28.0,28.0,28.0
PowerCons,0.9794921875,5.0,zero,False,0.9983486063149974,0.9999985912274272,0.8465349549644294,0.8603562886811332,0.9439982476196449,0.9470523880937491,28.0,25.0,25.0
PowerCons,0.9794921875,5.0,linear,False,0.9999999914213733,0.9999989492445653,0.9998615785792553,0.9998624866540587,0.9944962870017328,0.9999901388911856,28.0,25.0,25.0
PowerCons,0.9794921875,5.0,mean,False,0.994441803322246,0.9994398432060272,0.972876204942739,0.9992049766444875,0.997446245266665,0.9935433841295979,28.0,25.0,25.0
PowerCons,0.9794921875,5.0,zero,True,0.5222287810499723,0.5111111093774132,0.5,0.5055555432350061,0.5548459068874758,0.5356414249900068,28.0,25.0,25.0
PowerCons,0.9794921875,5.0,linear,True,0.9331959799997894,0.907973789112605,0.5884773842948507,0.5955654499139941,0.8228282254291976,0.8313976720737513,28.0,25.0,25.0
PowerCons,0.9794921875,5.0,mean,True,0.5716238907936781,0.6730624302424992,0.5052592970791479,0.5202566573946064,0.6925539098877198,0.7403960958714654,28.0,25.0,25.0
PowerCons,0.955078125,1.0,zero,False,0.9763337490175601,0.9864749568848316,0.9611104303943385,0.961111566154625,0.8722151871004759,0.8352881912907194,43.0,43.0,43.0
PowerCons,0.955078125,1.0,linear,False,0.9999999917786362,0.9999988333114307,0.9627483320206711,0.9390712244327225,0.9331322202491972,0.9436454648250294,43.0,43.0,43.0
PowerCons,0.955078125,1.0,mean,False,0.9926126626784509,0.993953917321004,0.8449945258252831,0.9302410934412715,0.8882403122372742,0.9090211571650445,43.0,43.0,43.0
PowerCons,0.955078125,1.0,zero,True,0.5766019525490828,0.5230681871194576,0.533019270639181,0.5277768427491765,0.6242249374937555,0.639541302167197,43.0,43.0,43.0
PowerCons,0.955078125,1.0,linear,True,0.9120140223338027,0.9079052884300692,0.7478039179575804,0.7421846847203868,0.7398553689172633,0.7551383826163629,43.0,43.0,43.0
PowerCons,0.955078125,1.0,mean,True,0.6865932859528471,0.77722237118154,0.6798796513550827,0.6676600167719133,0.6500831396289519,0.7131751113401621,43.0,43.0,43.0
PowerCons,0.955078125,2.0,zero,False,0.9763337490175601,0.9864749568848316,0.7974824996159647,0.7517885659378822,0.868418389765896,0.8381949986679469,43.0,42.0,42.0
PowerCons,0.955078125,2.0,linear,False,0.9999999917786362,0.9999988333114307,0.9721449863880834,0.9713678774440133,0.9446473108988114,0.9475949914370261,43.0,42.0,42.0
PowerCons,0.955078125,2.0,mean,False,0.9926126626784509,0.993953917321004,0.9095318698268369,0.9426037066173479,0.8723685313689173,0.9529218398511883,43.0,42.0,42.0
PowerCons,0.955078125,2.0,zero,True,0.5766019525490828,0.5230681871194576,0.6942947576499066,0.7394611693623329,0.6412502980504503,0.648173994466806,43.0,42.0,42.0
PowerCons,0.955078125,2.0,linear,True,0.9120140223338027,0.9079052884300692,0.8665124541960249,0.8555184421298684,0.8173624302005303,0.8291796574559925,43.0,42.0,42.0
PowerCons,0.955078125,2.0,mean,True,0.6865932859528471,0.77722237118154,0.5748518761066765,0.6573252475192969,0.7437378879244873,0.7829923380764293,43.0,42.0,42.0
PowerCons,0.955078125,3.0,zero,False,0.9763337490175601,0.9864749568848316,0.6685062090170726,0.7238031947343073,0.8496720296850376,0.8089931712285958,43.0,42.0,42.0
PowerCons,0.955078125,3.0,linear,False,0.9999999917786362,0.9999988333114307,0.9662026501114573,0.969908090630429,0.9812164895706986,0.9912804023490316,43.0,42.0,42.0
PowerCons,0.955078125,3.0,mean,False,0.9926126626784509,0.993953917321004,0.9324634020699674,0.9344246471154612,0.9316657409182991,0.9831687139848485,43.0,42.0,42.0
PowerCons,0.955078125,3.0,zero,True,0.5766019525490828,0.5230681871194576,0.5222222188344829,0.5333333351697436,0.6606814357818855,0.6643641691959012,43.0,42.0,42.0
PowerCons,0.955078125,3.0,linear,True,0.9120140223338027,0.9079052884300692,0.6392006423936009,0.6539271445300416,0.8464946039619469,0.8291934746345903,43.0,42.0,42.0
PowerCons,0.955078125,3.0,mean,True,0.6865932859528471,0.77722237118154,0.551638913827013,0.5973446004875708,0.6935887660545366,0.7919567482509765,43.0,42.0,42.0
PowerCons,0.955078125,4.0,zero,False,0.9763337490175601,0.9864749568848316,0.67407315461665,0.7222381535195596,0.826969567748389,0.8027533309110025,43.0,40.0,40.0
PowerCons,0.955078125,4.0,linear,False,0.9999999917786362,0.9999988333114307,0.9909307748108701,0.9835182132146454,0.970468639161311,0.9945630242751231,43.0,40.0,40.0
PowerCons,0.955078125,4.0,mean,False,0.9926126626784509,0.993953917321004,0.9384247310386872,0.9526057057146512,0.9396080059180266,0.977975205370167,43.0,40.0,40.0
PowerCons,0.955078125,4.0,zero,True,0.5766019525490828,0.5230681871194576,0.6269600300196974,0.5769958152567733,0.6694257152252759,0.6467928589238507,43.0,40.0,40.0
PowerCons,0.955078125,4.0,linear,True,0.9120140223338027,0.9079052884300692,0.8489768025120926,0.7330536272284851,0.8533818339162467,0.8906271168526431,43.0,40.0,40.0
PowerCons,0.955078125,4.0,mean,True,0.6865932859528471,0.77722237118154,0.522986810103925,0.5817622333814509,0.707604510831064,0.8312634055140343,43.0,40.0,40.0
PowerCons,0.955078125,5.0,zero,False,0.9763337490175601,0.9864749568848316,0.8923024926219306,0.8798885099930696,0.863950205330806,0.8148643165551575,43.0,40.0,40.0
PowerCons,0.955078125,5.0,linear,False,0.9999999917786362,0.9999988333114307,0.9965403994886426,0.9996803215303159,0.9943507334254386,0.9992767676496777,43.0,40.0,40.0
PowerCons,0.955078125,5.0,mean,False,0.9926126626784509,0.993953917321004,0.9730377773107424,0.9749758400692147,0.9768140032143341,0.9844021406505815,43.0,40.0,40.0
PowerCons,0.955078125,5.0,zero,True,0.5766019525490828,0.5230681871194576,0.5000000006622738,0.5000089198350907,0.6135116694762391,0.6394925329803851,43.0,40.0,40.0
PowerCons,0.955078125,5.0,linear,True,0.9120140223338027,0.9079052884300692,0.6231312141143996,0.56136063361426,0.8695624265706814,0.8946775273987606,43.0,40.0,40.0
PowerCons,0.955078125,5.0,mean,True,0.6865932859528471,0.77722237118154,0.5282882760986694,0.5427865322375423,0.7917187366052771,0.8339453861238941,43.0,40.0,40.0
PowerCons,0.91015625,1.0,zero,False,0.9157843038051587,0.9219510545169426,0.9270330019707963,0.9410676607797783,0.8165984097360696,0.8227454177764426,57.0,57.0,57.0
PowerCons,0.91015625,1.0,linear,False,0.9999999886207835,0.9999986650201164,0.9159522993629865,0.9222507883308964,0.9193958204399518,0.9515324357211232,57.0,57.0,57.0
PowerCons,0.91015625,1.0,mean,False,0.9016436082118225,0.9460991925808471,0.8244270778877234,0.9067145724204857,0.8977145872616021,0.9028025208621093,57.0,57.0,57.0
PowerCons,0.91015625,1.0,zero,True,0.6318075072287525,0.5966522763101256,0.5611329326903834,0.5500192301428244,0.6502765161699585,0.6762510396952017,57.0,57.0,57.0
PowerCons,0.91015625,1.0,linear,True,0.9426431468008303,0.936790014656916,0.7695905852414305,0.7750297890366692,0.7956762222027842,0.8005050964300497,57.0,57.0,57.0
PowerCons,0.91015625,1.0,mean,True,0.8669062922222979,0.8626611294604246,0.6933403959673466,0.7166138579886985,0.671524148230482,0.7315004108659036,57.0,57.0,57.0
PowerCons,0.91015625,2.0,zero,False,0.9157843038051587,0.9219510545169426,0.9057776220091409,0.8999040309492181,0.7434993921816455,0.7112481510835765,57.0,56.0,56.0
PowerCons,0.91015625,2.0,linear,False,0.9999999886207835,0.9999986650201164,0.9767277408015805,0.966470588326626,0.9567615195036551,0.9279708114648435,57.0,56.0,56.0
PowerCons,0.91015625,2.0,mean,False,0.9016436082118225,0.9460991925808471,0.8394905190940465,0.8987287168795074,0.7994809054384907,0.8552104927465535,57.0,56.0,56.0
PowerCons,0.91015625,2.0,zero,True,0.6318075072287525,0.5966522763101256,0.5,0.5,0.7665009915545609,0.7561321963050232,57.0,56.0,56.0
PowerCons,0.91015625,2.0,linear,True,0.9426431468008303,0.936790014656916,0.5966992104410589,0.6197987852814515,0.8833064778971809,0.9018697595912395,57.0,56.0,56.0
PowerCons,0.91015625,2.0,mean,True,0.8669062922222979,0.8626611294604246,0.7011382468665912,0.6637191766313764,0.8229008897480705,0.817928776183988,57.0,56.0,56.0
PowerCons,0.91015625,3.0,zero,False,0.9157843038051587,0.9219510545169426,0.7508207533347921,0.7040354242551197,0.7612717076538748,0.7239673519877601,57.0,57.0,57.0
PowerCons,0.91015625,3.0,linear,False,0.9999999886207835,0.9999986650201164,0.9333541336604421,0.9394650974938392,0.9431316281133976,0.943139182038374,57.0,57.0,57.0
PowerCons,0.91015625,3.0,mean,False,0.9016436082118225,0.9460991925808471,0.944927552120228,0.9489715821364129,0.8736980364987901,0.8909422783659348,57.0,57.0,57.0
PowerCons,0.91015625,3.0,zero,True,0.6318075072287525,0.5966522763101256,0.5390447601751543,0.5567744884342766,0.732688233348533,0.7431184811654754,57.0,57.0,57.0
PowerCons,0.91015625,3.0,linear,True,0.9426431468008303,0.936790014656916,0.6824743454931387,0.7032714520420247,0.9026851486218743,0.9041375234592344,57.0,57.0,57.0
PowerCons,0.91015625,3.0,mean,True,0.8669062922222979,0.8626611294604246,0.5237318356149674,0.5552040787302248,0.7715458097699684,0.8675267150728623,57.0,57.0,57.0
PowerCons,0.91015625,4.0,zero,False,0.9157843038051587,0.9219510545169426,0.6554940977350601,0.6848055200417078,0.7509731855059544,0.7636418410735144,57.0,56.0,56.0
PowerCons,0.91015625,4.0,linear,False,0.9999999886207835,0.9999986650201164,0.954762119204581,0.9647876977578534,0.9753527770689621,0.9612572955683477,57.0,56.0,56.0
PowerCons,0.91015625,4.0,mean,False,0.9016436082118225,0.9460991925808471,0.912867531889675,0.9244323056871733,0.9026328454027929,0.9485181444209404,57.0,56.0,56.0
PowerCons,0.91015625,4.0,zero,True,0.6318075072287525,0.5966522763101256,0.5800289162192382,0.5387255372732351,0.7286469723537018,0.7162207773238164,57.0,56.0,56.0
PowerCons,0.91015625,4.0,linear,True,0.9426431468008303,0.936790014656916,0.7866087260096046,0.7053174167972914,0.9031345963289334,0.8834806704222196,57.0,56.0,56.0
PowerCons,0.91015625,4.0,mean,True,0.8669062922222979,0.8626611294604246,0.5643616526080668,0.601510984547811,0.7692070386021767,0.8434102495784136,57.0,56.0,56.0
PowerCons,0.91015625,5.0,zero,False,0.9157843038051587,0.9219510545169426,0.6719364466457902,0.7663238227316305,0.7913665135533283,0.7722547781233237,57.0,55.0,55.0
PowerCons,0.91015625,5.0,linear,False,0.9999999886207835,0.9999986650201164,0.9713912074138787,0.9780470371778951,0.9764718496162684,0.983994536598436,57.0,55.0,55.0
PowerCons,0.91015625,5.0,mean,False,0.9016436082118225,0.9460991925808471,0.8751120595853304,0.926835097655929,0.8955867659485808,0.9616967938091003,57.0,55.0,55.0
PowerCons,0.91015625,5.0,zero,True,0.6318075072287525,0.5966522763101256,0.505555555548035,0.5055555555548237,0.7121555378650457,0.7022034062743098,57.0,55.0,55.0
PowerCons,0.91015625,5.0,linear,True,0.9426431468008303,0.936790014656916,0.6328547999198569,0.601580261262904,0.9092452614491346,0.9196971846650371,57.0,55.0,55.0
PowerCons,0.91015625,5.0,mean,True,0.8669062922222979,0.8626611294604246,0.5631218821551425,0.5813817697397432,0.8393001798286804,0.8777870967093397,57.0,55.0,55.0
PowerCons,0.8203125,1.0,zero,False,0.7757885106218501,0.8266950022733328,0.8722581345195112,0.9109713927945775,0.8037473485880616,0.8373473779495615,72.0,72.0,72.0
PowerCons,0.8203125,1.0,linear,False,0.9999997263060943,0.999998095814585,0.8779028423144261,0.9231443943669575,0.8716353253794978,0.8723434296758544,72.0,72.0,72.0
PowerCons,0.8203125,1.0,mean,False,0.7357653488929345,0.8531808198108602,0.8492363615082111,0.8814833808953645,0.765819758382324,0.8691562370924497,72.0,72.0,72.0
PowerCons,0.8203125,1.0,zero,True,0.7186538540675205,0.651977804546876,0.6222220388741345,0.5888865766175402,0.7071654187989583,0.661103466338919,72.0,72.0,72.0
PowerCons,0.8203125,1.0,linear,True,0.9555219480803845,0.9074675478377365,0.787631861052046,0.7843752985508076,0.8347818153992748,0.7528617034308097,72.0,72.0,72.0
PowerCons,0.8203125,1.0,mean,True,0.965364064860168,0.9282505283742588,0.6704569299103408,0.7367785326407084,0.7853462965979077,0.7956130424337495,72.0,72.0,72.0
PowerCons,0.8203125,2.0,zero,False,0.7757885106218501,0.8266950022733328,0.6666665932046278,0.6666666565835454,0.7222131928784554,0.6923449118920253,72.0,72.0,72.0
PowerCons,0.8203125,2.0,linear,False,0.9999997263060943,0.999998095814585,0.7818923641684475,0.8186472668053894,0.8492742646298931,0.8771164227601659,72.0,72.0,72.0
PowerCons,0.8203125,2.0,mean,False,0.7357653488929345,0.8531808198108602,0.7206971616995712,0.7774683006571825,0.7387298366995657,0.7932701421330607,72.0,72.0,72.0
PowerCons,0.8203125,2.0,zero,True,0.7186538540675205,0.651977804546876,0.8337349096584978,0.827777718721528,0.7752440489404426,0.7736457391485869,72.0,72.0,72.0
PowerCons,0.8203125,2.0,linear,True,0.9555219480803845,0.9074675478377365,0.8965367290813486,0.868813933416406,0.8919917564441179,0.911133242510109,72.0,72.0,72.0
PowerCons,0.8203125,2.0,mean,True,0.965364064860168,0.9282505283742588,0.6793358498776161,0.7725490633877509,0.8291740013224669,0.8526553339321159,72.0,72.0,72.0
PowerCons,0.8203125,3.0,zero,False,0.7757885106218501,0.8266950022733328,0.544696935423783,0.6166934240611777,0.693225481365034,0.6645262553989546,72.0,72.0,72.0
PowerCons,0.8203125,3.0,linear,False,0.9999997263060943,0.999998095814585,0.911950801865463,0.9370910438561089,0.9173644380086725,0.9092479430302933,72.0,72.0,72.0
PowerCons,0.8203125,3.0,mean,False,0.7357653488929345,0.8531808198108602,0.7966184321872478,0.8616561402210838,0.7726804059836831,0.8591144599127223,72.0,72.0,72.0
PowerCons,0.8203125,3.0,zero,True,0.7186538540675205,0.651977804546876,0.9143460506091292,0.8535124493504168,0.7999418927472433,0.7952198571425705,72.0,72.0,72.0
PowerCons,0.8203125,3.0,linear,True,0.9555219480803845,0.9074675478377365,0.9451120635388034,0.91328778769753,0.958906841647472,0.9497416682452482,72.0,72.0,72.0
PowerCons,0.8203125,3.0,mean,True,0.965364064860168,0.9282505283742588,0.6137608275347473,0.718108227949428,0.8963819129036729,0.9495520630244393,72.0,72.0,72.0
PowerCons,0.8203125,4.0,zero,False,0.7757885106218501,0.8266950022733328,0.5850134451989167,0.649647498769906,0.7211904619153814,0.7121973838635585,72.0,72.0,72.0
PowerCons,0.8203125,4.0,linear,False,0.9999997263060943,0.999998095814585,0.9370911734913134,0.9540937051391918,0.924498692678366,0.9688739185624525,72.0,72.0,72.0
PowerCons,0.8203125,4.0,mean,False,0.7357653488929345,0.8531808198108602,0.812227686757682,0.8871161842822858,0.8368187425731379,0.9082920718069836,72.0,72.0,72.0
PowerCons,0.8203125,4.0,zero,True,0.7186538540675205,0.651977804546876,0.5,0.5,0.7515026885863527,0.7699400089767812,72.0,72.0,72.0
PowerCons,0.8203125,4.0,linear,True,0.9555219480803845,0.9074675478377365,0.6288715472318963,0.6703679800197213,0.9541578745132918,0.9444570091382135,72.0,72.0,72.0
PowerCons,0.8203125,4.0,mean,True,0.965364064860168,0.9282505283742588,0.550483881907025,0.5684778964091366,0.8742916189399508,0.8971672339318918,72.0,72.0,72.0
PowerCons,0.8203125,5.0,zero,False,0.7757885106218501,0.8266950022733328,0.5864612243586493,0.6538757019892478,0.7553443042107477,0.7087085477499713,72.0,70.0,70.0
PowerCons,0.8203125,5.0,linear,False,0.9999997263060943,0.999998095814585,0.9342000376013813,0.9534499068158687,0.9829012702936615,0.954748823130876,72.0,70.0,70.0
PowerCons,0.8203125,5.0,mean,False,0.7357653488929345,0.8531808198108602,0.8292498520699796,0.8714346076685345,0.884762900187561,0.918822607983951,72.0,70.0,70.0
PowerCons,0.8203125,5.0,zero,True,0.7186538540675205,0.651977804546876,0.712702923640947,0.6346024508690813,0.7256526678518307,0.7427355644703928,72.0,70.0,70.0
PowerCons,0.8203125,5.0,linear,True,0.9555219480803845,0.9074675478377365,0.8314596759283295,0.794935974966588,0.9259779705910167,0.9416215252012877,72.0,70.0,70.0
PowerCons,0.8203125,5.0,mean,True,0.965364064860168,0.9282505283742588,0.5160852206274866,0.564484029678927,0.8324427847933475,0.9141140183652124,72.0,70.0,70.0
ECG200,,,-,-,0.9699886639789721,0.8766357902992965,0.9699886639789721,0.8766357902992965,0.9699886639789721,0.8766357902992965,,,
ECG200,0.8125,1.0,zero,False,0.8999654003702561,0.8704585916993556,0.7847432140457428,0.7103786031334728,0.7701983332494005,0.6363623408301022,9.0,9.0,9.0
ECG200,0.8125,1.0,linear,False,0.9699281566163092,0.8717788874898349,0.9682200025836152,0.8661758978433178,0.9699568375723122,0.878270017596278,9.0,9.0,9.0
ECG200,0.8125,1.0,mean,False,0.9509844227224303,0.850545392280772,0.9699019147944126,0.8759660298716819,0.9698546829185348,0.8541398221573024,9.0,9.0,9.0
ECG200,0.8125,1.0,zero,True,0.31000000000000005,0.3540868264436723,0.31000000000000005,0.36,0.3099999392032623,0.36,9.0,9.0,9.0
ECG200,0.8125,1.0,linear,True,0.3725547219249674,0.39078560909375026,0.7203147960953236,0.6891687251429099,0.5465127216885928,0.5198115923264481,9.0,9.0,9.0
ECG200,0.8125,1.0,mean,True,0.7251752673930881,0.7563984401849153,0.6904004137364077,0.6444217896282585,0.7053196937454393,0.7029418603606603,9.0,9.0,9.0
ECG200,0.8125,2.0,zero,False,0.8999654003702561,0.8704585916993556,0.7760730480468402,0.7447189665594337,0.7945064481772188,0.6987456415972231,9.0,8.0,8.0
ECG200,0.8125,2.0,linear,False,0.9699281566163092,0.8717788874898349,0.969989310958747,0.8723932031976273,0.9626145516006211,0.8779049934418447,9.0,8.0,8.0
ECG200,0.8125,2.0,mean,False,0.9509844227224303,0.850545392280772,0.9699390799028512,0.858342634852433,0.9575422930342059,0.8714751166954271,9.0,8.0,8.0
ECG200,0.8125,2.0,zero,True,0.31000000000000005,0.3540868264436723,0.31000000000000005,0.36,0.31000000000000005,0.36,9.0,8.0,8.0
ECG200,0.8125,2.0,linear,True,0.3725547219249674,0.39078560909375026,0.351990941140757,0.3854574116738513,0.5883443706204398,0.5459338097935511,9.0,8.0,8.0
ECG200,0.8125,2.0,mean,True,0.7251752673930881,0.7563984401849153,0.6899737578178691,0.6399202619609423,0.7220812193212445,0.687725676419765,9.0,8.0,8.0
ECG200,0.8125,3.0,zero,False,0.8999654003702561,0.8704585916993556,0.7811451900284891,0.7649739628532849,0.7521856284322413,0.6840730308318042,9.0,9.0,9.0
ECG200,0.8125,3.0,linear,False,0.9699281566163092,0.8717788874898349,0.9699860560131209,0.8756055323320536,0.9690977343205238,0.8771157441679842,9.0,9.0,9.0
ECG200,0.8125,3.0,mean,False,0.9509844227224303,0.850545392280772,0.9590879274892975,0.8695671388750389,0.9467847955399025,0.8725384878938778,9.0,9.0,9.0
ECG200,0.8125,3.0,zero,True,0.31000000000000005,0.3540868264436723,0.31000000000000005,0.36,0.31000000000000005,0.36,9.0,9.0,9.0
ECG200,0.8125,3.0,linear,True,0.3725547219249674,0.39078560909375026,0.47205106690184395,0.4375440993801941,0.6177239341019314,0.6510781403742705,9.0,9.0,9.0
ECG200,0.8125,3.0,mean,True,0.7251752673930881,0.7563984401849153,0.700658669805339,0.6409548138865306,0.7167428944303816,0.6755990632181107,9.0,9.0,9.0
ECG200,0.8125,4.0,zero,False,0.8999654003702561,0.8704585916993556,0.889776159467947,0.8090845337567133,0.813026870050232,0.7603878328796481,9.0,8.0,8.0
ECG200,0.8125,4.0,linear,False,0.9699281566163092,0.8717788874898349,0.9699872475216442,0.8751775687745897,0.9699805169018036,0.8772394267741574,9.0,8.0,8.0
ECG200,0.8125,4.0,mean,False,0.9509844227224303,0.850545392280772,0.9680614196612286,0.8572270257107663,0.9628642717237555,0.8681059738998174,9.0,8.0,8.0
ECG200,0.8125,4.0,zero,True,0.31000000000000005,0.3540868264436723,0.31000000000000005,0.36,0.31000000000000005,0.36,9.0,8.0,8.0
ECG200,0.8125,4.0,linear,True,0.3725547219249674,0.39078560909375026,0.3495047756170061,0.38839652046561246,0.65457059478554,0.71757208325154,9.0,8.0,8.0
ECG200,0.8125,4.0,mean,True,0.7251752673930881,0.7563984401849153,0.6899775769446682,0.6399347759811791,0.6930581956312776,0.6652906697563132,9.0,8.0,8.0
ECG200,0.8125,5.0,zero,False,0.8999654003702561,0.8704585916993556,0.9435202030798647,0.8459474383625044,0.9069594932127203,0.8323894774929378,9.0,5.0,5.0
ECG200,0.8125,5.0,linear,False,0.9699281566163092,0.8717788874898349,0.9699886639789721,0.8766357902992965,0.9699886639789721,0.8766357902992965,9.0,5.0,5.0
ECG200,0.8125,5.0,mean,False,0.9509844227224303,0.850545392280772,0.9698957495625112,0.8768738040666632,0.9699810967800638,0.8665747696989459,9.0,5.0,5.0
ECG200,0.8125,5.0,zero,True,0.31000000000000005,0.3540868264436723,0.31000000000000005,0.36,0.31000000000000005,0.36,9.0,5.0,5.0
ECG200,0.8125,5.0,linear,True,0.3725547219249674,0.39078560909375026,0.353376874323003,0.3983490079226272,0.7103383908218603,0.6695016659113189,9.0,5.0,5.0
ECG200,0.8125,5.0,mean,True,0.7251752673930881,0.7563984401849153,0.6899774050724714,0.6399262240486944,0.689785312469994,0.6410186622123184,9.0,5.0,5.0
ECG200,0.59375,1.0,zero,False,0.7818475640808601,0.814507490397582,0.8415037026303307,0.8106239548297898,0.6720209137478319,0.5452634070697349,19.0,19.0,19.0
ECG200,0.59375,1.0,linear,False,0.93279320371524,0.8434572364632266,0.9582476218508356,0.8657247300968169,0.9578954274072669,0.8639394805999899,19.0,19.0,19.0
ECG200,0.59375,1.0,mean,False,0.874459382923058,0.8118532238472577,0.9613234798705462,0.8733204313296372,0.9509945358100601,0.8567306211018684,19.0,19.0,19.0
ECG200,0.59375,1.0,zero,True,0.3108140683174133,0.33050053997285433,0.30874928951263425,0.3606529521942139,0.31378182820975775,0.3603979414760897,19.0,19.0,19.0
ECG200,0.59375,1.0,linear,True,0.5810211337359709,0.5526668025692372,0.8033767081665826,0.7801851684281712,0.6490332540526826,0.6401797641287534,19.0,19.0,19.0
ECG200,0.59375,1.0,mean,True,0.8386975188489196,0.808260050289761,0.7320409924884027,0.6788213219632705,0.7677276882139805,0.6869681727568722,19.0,19.0,19.0
ECG200,0.59375,2.0,zero,False,0.7818475640808601,0.814507490397582,0.6613090314705141,0.6580405727401185,0.5501320030487711,0.6459183554255392,19.0,18.0,18.0
ECG200,0.59375,2.0,linear,False,0.93279320371524,0.8434572364632266,0.9692508646535805,0.8745769443892799,0.9681385045873855,0.8805056825390644,19.0,18.0,18.0
ECG200,0.59375,2.0,mean,False,0.874459382923058,0.8118532238472577,0.9276311046573485,0.8338250473967174,0.9672531445523667,0.8538096602624513,19.0,18.0,18.0
ECG200,0.59375,2.0,zero,True,0.3108140683174133,0.33050053997285433,0.31000000000000005,0.36,0.31269428074359895,0.36061731693849763,19.0,18.0,18.0
ECG200,0.59375,2.0,linear,True,0.5810211337359709,0.5526668025692372,0.38587533191730927,0.3975997066753917,0.6259727281467296,0.6066188526732706,19.0,18.0,18.0
ECG200,0.59375,2.0,mean,True,0.8386975188489196,0.808260050289761,0.6899831259923668,0.6399265336833195,0.7018752248043533,0.6978003934112296,19.0,18.0,18.0
ECG200,0.59375,3.0,zero,False,0.7818475640808601,0.814507490397582,0.8044429516398042,0.7331780294196684,0.6661906791189135,0.5572397847597212,19.0,18.0,18.0
ECG200,0.59375,3.0,linear,False,0.93279320371524,0.8434572364632266,0.9699833618821365,0.8682118555721225,0.9638764990222649,0.8719754967550886,19.0,18.0,18.0
ECG200,0.59375,3.0,mean,False,0.874459382923058,0.8118532238472577,0.9262426362460474,0.8317423132060956,0.9582403315339629,0.8399332517380846,19.0,18.0,18.0
ECG200,0.59375,3.0,zero,True,0.3108140683174133,0.33050053997285433,0.3099999976158142,0.36,0.31001386046409607,0.3761327546834946,19.0,18.0,18.0
ECG200,0.59375,3.0,linear,True,0.5810211337359709,0.5526668025692372,0.5217363842690319,0.5368054042435699,0.7167638736652997,0.6917793740832134,19.0,18.0,18.0
ECG200,0.59375,3.0,mean,True,0.8386975188489196,0.808260050289761,0.7030758028442528,0.6408830936041341,0.7286389439634944,0.7288944382269452,19.0,18.0,18.0
ECG200,0.59375,4.0,zero,False,0.7818475640808601,0.814507490397582,0.7591687566524107,0.6350864923846714,0.6714776373620561,0.5683777316538936,19.0,16.0,16.0
ECG200,0.59375,4.0,linear,False,0.93279320371524,0.8434572364632266,0.9699599253651624,0.8749912210433662,0.9621599741724055,0.8799110590830143,19.0,16.0,16.0
ECG200,0.59375,4.0,mean,False,0.874459382923058,0.8118532238472577,0.930292721276693,0.8278682230634442,0.9298599253783213,0.8304925254736806,19.0,16.0,16.0
ECG200,0.59375,4.0,zero,True,0.3108140683174133,0.33050053997285433,0.31000000000000005,0.36,0.30999981641769414,0.36000000119209286,19.0,16.0,16.0
ECG200,0.59375,4.0,linear,True,0.5810211337359709,0.5526668025692372,0.3744065504665096,0.4030139551552676,0.7237886695305906,0.7172333771070042,19.0,16.0,16.0
ECG200,0.59375,4.0,mean,True,0.8386975188489196,0.808260050289761,0.7017015505804604,0.6263806947908478,0.7243641975276317,0.7466713260376427,19.0,16.0,16.0
ECG200,0.59375,5.0,zero,False,0.7818475640808601,0.814507490397582,0.6673141187692533,0.657662025963109,0.6511466511794906,0.6769274069877655,19.0,15.0,15.0
ECG200,0.59375,5.0,linear,False,0.93279320371524,0.8434572364632266,0.9699810657640727,0.8767035847864864,0.969402260223744,0.8774259376404029,19.0,15.0,15.0
ECG200,0.59375,5.0,mean,False,0.874459382923058,0.8118532238472577,0.949942470262553,0.8437742303364727,0.9479558633785009,0.8633176740359669,19.0,15.0,15.0
ECG200,0.59375,5.0,zero,True,0.3108140683174133,0.33050053997285433,0.31000000000000005,0.36,0.30999994635581973,0.36,19.0,15.0,15.0
ECG200,0.59375,5.0,linear,True,0.5810211337359709,0.5526668025692372,0.36131203795502065,0.38847479083480685,0.7409665232811603,0.700984979719788,19.0,15.0,15.0
ECG200,0.59375,5.0,mean,True,0.8386975188489196,0.808260050289761,0.688116416486579,0.6399304741303766,0.7112047509716191,0.6728006155107893,19.0,15.0,15.0
ECG200,0.46875,1.0,zero,False,0.5626920847235477,0.5815871345191701,0.8105375681504834,0.7379946629449536,0.5566683052941221,0.5728552937497449,28.0,28.0,28.0
ECG200,0.46875,1.0,linear,False,0.8720860110235902,0.7831005188757807,0.9589898698179513,0.8548663156565801,0.8920052297005616,0.8655166833881447,28.0,28.0,28.0
ECG200,0.46875,1.0,mean,False,0.8227803761052574,0.7733495184142755,0.9561203304824287,0.8721929487598329,0.904376193750231,0.8503714786043285,28.0,28.0,28.0
ECG200,0.46875,1.0,zero,True,0.34870786431085943,0.35104496151208575,0.27167375523523096,0.3460543350852332,0.3917782045943382,0.44710602064247873,28.0,28.0,28.0
ECG200,0.46875,1.0,linear,True,0.7509881092520115,0.7097343444839443,0.7991547327334261,0.6902276099835836,0.7409137774032667,0.6412162904010081,28.0,28.0,28.0
ECG200,0.46875,1.0,mean,True,0.8989872666323626,0.8532539533155827,0.7320584309149849,0.6982495782220022,0.7860923645821428,0.7021334002187156,28.0,28.0,28.0
ECG200,0.46875,2.0,zero,False,0.5626920847235477,0.5815871345191701,0.4697124619557962,0.5110526079828652,0.5145652944283383,0.5028600316372935,28.0,28.0,28.0
ECG200,0.46875,2.0,linear,False,0.8720860110235902,0.7831005188757807,0.9652527010792263,0.8755929992586327,0.9525045286167699,0.8449384307726997,28.0,28.0,28.0
ECG200,0.46875,2.0,mean,False,0.8227803761052574,0.7733495184142755,0.9041898430951351,0.8121095917716532,0.9139878707360373,0.8421216819106845,28.0,28.0,28.0
ECG200,0.46875,2.0,zero,True,0.34870786431085943,0.35104496151208575,0.31000000000000005,0.36,0.3907894150301344,0.44615232722547193,28.0,28.0,28.0
ECG200,0.46875,2.0,linear,True,0.7509881092520115,0.7097343444839443,0.4675423469563157,0.4983559240913371,0.6921627646253754,0.6953682937477041,28.0,28.0,28.0
ECG200,0.46875,2.0,mean,True,0.8989872666323626,0.8532539533155827,0.6905702166699086,0.6499197773521155,0.7725727985786451,0.7445753303565639,28.0,28.0,28.0
ECG200,0.46875,3.0,zero,False,0.5626920847235477,0.5815871345191701,0.7577646492697154,0.7259544840010135,0.5857877919701385,0.5907466199353,28.0,27.0,27.0
ECG200,0.46875,3.0,linear,False,0.8720860110235902,0.7831005188757807,0.9696750859947786,0.8778441866349306,0.9683899467831156,0.8591985556662447,28.0,27.0,27.0
ECG200,0.46875,3.0,mean,False,0.8227803761052574,0.7733495184142755,0.9378296179594602,0.8413921438198844,0.9238202481157396,0.8212613019003385,28.0,27.0,27.0
ECG200,0.46875,3.0,zero,True,0.34870786431085943,0.35104496151208575,0.3135161709785461,0.3615598601038801,0.342685027100614,0.3598858826825997,28.0,27.0,27.0
ECG200,0.46875,3.0,linear,True,0.7509881092520115,0.7097343444839443,0.49724894626821836,0.46234581620579485,0.7227868966583685,0.7960841068640938,28.0,27.0,27.0
ECG200,0.46875,3.0,mean,True,0.8989872666323626,0.8532539533155827,0.689693029044967,0.6430737926223957,0.7435254129896711,0.7685381982061539,28.0,27.0,27.0
ECG200,0.46875,4.0,zero,False,0.5626920847235477,0.5815871345191701,0.7195474629154895,0.6537772600449552,0.4917377160451043,0.4908893207329228,28.0,28.0,28.0
ECG200,0.46875,4.0,linear,False,0.8720860110235902,0.7831005188757807,0.9662015625403634,0.8578578682886117,0.9695562159671073,0.8668048184462303,28.0,28.0,28.0
ECG200,0.46875,4.0,mean,False,0.8227803761052574,0.7733495184142755,0.9284778412283365,0.791602643408993,0.9419683901757545,0.8459734956437834,28.0,28.0,28.0
ECG200,0.46875,4.0,zero,True,0.34870786431085943,0.35104496151208575,0.3100000023841858,0.36000003457069396,0.3437894902301708,0.3937587497276087,28.0,28.0,28.0
ECG200,0.46875,4.0,linear,True,0.7509881092520115,0.7097343444839443,0.33702732145786285,0.40972670355811713,0.814005116156466,0.7497413160430092,28.0,28.0,28.0
ECG200,0.46875,4.0,mean,True,0.8989872666323626,0.8532539533155827,0.7048759000364493,0.6772883304644157,0.7293839800017823,0.745438540826116,28.0,28.0,28.0
ECG200,0.46875,5.0,zero,False,0.5626920847235477,0.5815871345191701,0.4845660653375621,0.5723362223568387,0.5125309469018458,0.5915536174767417,28.0,25.0,25.0
ECG200,0.46875,5.0,linear,False,0.8720860110235902,0.7831005188757807,0.9698891493998368,0.8723789038390064,0.9698173600842342,0.8695970475473398,28.0,25.0,25.0
ECG200,0.46875,5.0,mean,False,0.8227803761052574,0.7733495184142755,0.9194883307135536,0.8415715596992788,0.9433227439296172,0.8364035044161422,28.0,25.0,25.0
ECG200,0.46875,5.0,zero,True,0.34870786431085943,0.35104496151208575,0.31000000000000005,0.36,0.3144298672676087,0.36992309108268273,28.0,25.0,25.0
ECG200,0.46875,5.0,linear,True,0.7509881092520115,0.7097343444839443,0.31576418492011726,0.35993674530996944,0.8093251686559535,0.7674587224302323,28.0,25.0,25.0
ECG200,0.46875,5.0,mean,True,0.8989872666323626,0.8532539533155827,0.6976113563570334,0.6395649258219027,0.7659163637549085,0.7457011589317425,28.0,25.0,25.0
ECG200,0.3671875,1.0,zero,False,0.4239851517720308,0.44979544228926027,0.7215584524387051,0.7295244879095308,0.3614657256774293,0.4333239522154507,38.0,38.0,38.0
ECG200,0.3671875,1.0,linear,False,0.7842713009397653,0.7216558554281216,0.9243216088010974,0.8615716451443167,0.8544732859676785,0.7353015199805322,38.0,38.0,38.0
ECG200,0.3671875,1.0,mean,False,0.791805475991416,0.7392119525265575,0.9483268092490409,0.8694092747786374,0.9201893109047645,0.8011835982359993,38.0,38.0,38.0
ECG200,0.3671875,1.0,zero,True,0.45660731074824534,0.4079666636975672,0.3502513864409663,0.3546848063658996,0.4755571165548418,0.447557071349619,38.0,38.0,38.0
ECG200,0.3671875,1.0,linear,True,0.9082193457264056,0.8458659117607211,0.8021777003929518,0.7611815257305439,0.8414825857286723,0.7797089406401225,38.0,38.0,38.0
ECG200,0.3671875,1.0,mean,True,0.9242274386888756,0.8553990363649678,0.7582114135554605,0.702031327165535,0.769944222172285,0.7826534831923895,38.0,38.0,38.0
ECG200,0.3671875,2.0,zero,False,0.4239851517720308,0.44979544228926027,0.3634086657257285,0.42894050715956833,0.46197336429974245,0.4679835475290859,38.0,38.0,38.0
ECG200,0.3671875,2.0,linear,False,0.7842713009397653,0.7216558554281216,0.8553207335856153,0.8261671574360454,0.9236628748312892,0.8446802809457916,38.0,38.0,38.0
ECG200,0.3671875,2.0,mean,False,0.791805475991416,0.7392119525265575,0.8795573463814054,0.8200392472855467,0.9252187136707646,0.8272779093941602,38.0,38.0,38.0
ECG200,0.3671875,2.0,zero,True,0.45660731074824534,0.4079666636975672,0.31000000000000005,0.36,0.5241454310298079,0.5495912529638367,38.0,38.0,38.0
ECG200,0.3671875,2.0,linear,True,0.9082193457264056,0.8458659117607211,0.5036750546080293,0.46877070599675785,0.8412977170747442,0.7823564818759844,38.0,38.0,38.0
ECG200,0.3671875,2.0,mean,True,0.9242274386888756,0.8553990363649678,0.6899675691081939,0.6399563627407769,0.7698479721450336,0.7649508325300047,38.0,38.0,38.0
ECG200,0.3671875,3.0,zero,False,0.4239851517720308,0.44979544228926027,0.4594334100005919,0.4782409178311845,0.5320520979990925,0.5078700365993226,38.0,36.0,36.0
ECG200,0.3671875,3.0,linear,False,0.7842713009397653,0.7216558554281216,0.9694536074475865,0.870421649262986,0.9584088322882972,0.8540822005922788,38.0,36.0,36.0
ECG200,0.3671875,3.0,mean,False,0.791805475991416,0.7392119525265575,0.8833373520819601,0.8068852259849051,0.9527443390228308,0.7895763634313169,38.0,36.0,36.0
ECG200,0.3671875,3.0,zero,True,0.45660731074824534,0.4079666636975672,0.31000000000000005,0.36,0.3918950968867685,0.4821287064233346,38.0,36.0,36.0
ECG200,0.3671875,3.0,linear,True,0.9082193457264056,0.8458659117607211,0.36483623435166845,0.4120248899589827,0.7847996554160356,0.7700691400620318,38.0,36.0,36.0
ECG200,0.3671875,3.0,mean,True,0.9242274386888756,0.8553990363649678,0.7364192406607708,0.6903974745530286,0.7518134947131645,0.7951565099894286,38.0,36.0,36.0
ECG200,0.3671875,4.0,zero,False,0.4239851517720308,0.44979544228926027,0.5511940271175981,0.6296809432134853,0.43102888372966863,0.5194693645310526,38.0,36.0,36.0
ECG200,0.3671875,4.0,linear,False,0.7842713009397653,0.7216558554281216,0.9661641552262761,0.8769308252567306,0.9673908760698522,0.8633000865434073,38.0,36.0,36.0
ECG200,0.3671875,4.0,mean,False,0.791805475991416,0.7392119525265575,0.8968809603383741,0.8016484416703347,0.9029790498174478,0.8005867764573662,38.0,36.0,36.0
ECG200,0.3671875,4.0,zero,True,0.45660731074824534,0.4079666636975672,0.31000000000000005,0.36,0.4245175033914922,0.46690651877188794,38.0,36.0,36.0
ECG200,0.3671875,4.0,linear,True,0.9082193457264056,0.8458659117607211,0.36686981588251,0.3915750818647439,0.8404374759235468,0.7655707675511468,38.0,36.0,36.0
ECG200,0.3671875,4.0,mean,True,0.9242274386888756,0.8553990363649678,0.6901430019483781,0.6399442582156674,0.7587189169862196,0.7726989379703043,38.0,36.0,36.0
ECG200,0.3671875,5.0,zero,False,0.4239851517720308,0.44979544228926027,0.5185420573933156,0.5551470767264446,0.4426409935434469,0.4304912337029634,38.0,35.0,35.0
ECG200,0.3671875,5.0,linear,False,0.7842713009397653,0.7216558554281216,0.9679454397410363,0.8521744514164349,0.9667152188498775,0.8696983134384171,38.0,35.0,35.0
ECG200,0.3671875,5.0,mean,False,0.791805475991416,0.7392119525265575,0.9299510018986876,0.8038220888239977,0.9018486805330681,0.8066602215423884,38.0,35.0,35.0
ECG200,0.3671875,5.0,zero,True,0.45660731074824534,0.4079666636975672,0.31000000000000005,0.3600000655651092,0.3233892652865541,0.4276486992202544,38.0,35.0,35.0
ECG200,0.3671875,5.0,linear,True,0.9082193457264056,0.8458659117607211,0.41042394637385227,0.3771809592926002,0.8808433615377872,0.8183634340765362,38.0,35.0,35.0
ECG200,0.3671875,5.0,mean,True,0.9242274386888756,0.8553990363649678,0.7080340981650463,0.6373715542615468,0.7785448040143477,0.7731414384209023,38.0,35.0,35.0
ECG200,0.28125,1.0,zero,False,0.29937158774257355,0.4189268161869214,0.4131317035505506,0.4083701848777491,0.32008481623532137,0.3519212259352207,48.0,48.0,48.0
ECG200,0.28125,1.0,linear,False,0.7635555141122806,0.7094276876754493,0.7537113778411261,0.6416142002616112,0.729585655594456,0.6445682961401242,48.0,48.0,48.0
ECG200,0.28125,1.0,mean,False,0.7846293141933713,0.7719396002129086,0.9145002108560771,0.8165988243461522,0.877156477142272,0.807527735971356,48.0,48.0,48.0
ECG200,0.28125,1.0,zero,True,0.566921838810291,0.5711235521663123,0.6554733938899748,0.6739018374790986,0.7429297715431347,0.70021754249965,48.0,48.0,48.0
ECG200,0.28125,1.0,linear,True,0.9427283585284536,0.8495979183814886,0.8835564052455476,0.8040610235688334,0.8781384679620119,0.7631008896720999,48.0,48.0,48.0
ECG200,0.28125,1.0,mean,True,0.932768095775923,0.8379193165563128,0.7903854842797472,0.762220276082798,0.827445414307589,0.7864334746015618,48.0,48.0,48.0
ECG200,0.28125,2.0,zero,False,0.29937158774257355,0.4189268161869214,0.352939035797026,0.3756569552499477,0.34455475896013577,0.3974306794463637,48.0,48.0,48.0
ECG200,0.28125,2.0,linear,False,0.7635555141122806,0.7094276876754493,0.8445887135934602,0.7563600388367008,0.8548692296850999,0.8353519800124479,48.0,48.0,48.0
ECG200,0.28125,2.0,mean,False,0.7846293141933713,0.7719396002129086,0.8726453205224257,0.7887792920611589,0.8738795939896612,0.7898130729196551,48.0,48.0,48.0
ECG200,0.28125,2.0,zero,True,0.566921838810291,0.5711235521663123,0.31000000000000005,0.3500000000000779,0.5909733463105278,0.5888429635603614,48.0,48.0,48.0
ECG200,0.28125,2.0,linear,True,0.9427283585284536,0.8495979183814886,0.48996775007746696,0.5095069762614355,0.8763640103448475,0.7816369624354057,48.0,48.0,48.0
ECG200,0.28125,2.0,mean,True,0.932768095775923,0.8379193165563128,0.691322150293563,0.6601540282017959,0.7801134664363892,0.7677207748732634,48.0,48.0,48.0
ECG200,0.28125,3.0,zero,False,0.29937158774257355,0.4189268161869214,0.4814506330564404,0.5169098603078751,0.478366493831624,0.5052171736787479,48.0,48.0,48.0
ECG200,0.28125,3.0,linear,False,0.7635555141122806,0.7094276876754493,0.8995080038230299,0.8170099151057005,0.8908348794651589,0.8235503303548507,48.0,48.0,48.0
ECG200,0.28125,3.0,mean,False,0.7846293141933713,0.7719396002129086,0.9426349360604377,0.840074031574347,0.8884510811145632,0.8238099136828458,48.0,48.0,48.0
ECG200,0.28125,3.0,zero,True,0.566921838810291,0.5711235521663123,0.3100000095367431,0.36,0.4725928243614388,0.4993868334566297,48.0,48.0,48.0
ECG200,0.28125,3.0,linear,True,0.9427283585284536,0.8495979183814886,0.416697685178989,0.41797946974169464,0.8806488690185156,0.7549486540580002,48.0,48.0,48.0
ECG200,0.28125,3.0,mean,True,0.932768095775923,0.8379193165563128,0.6894966277414746,0.6262044861669389,0.787447928865086,0.7593772863094721,48.0,48.0,48.0
ECG200,0.28125,4.0,zero,False,0.29937158774257355,0.4189268161869214,0.6176464257585833,0.5841904377698242,0.4397154251512083,0.4602027749058093,48.0,48.0,48.0
ECG200,0.28125,4.0,linear,False,0.7635555141122806,0.7094276876754493,0.9590661052934356,0.8707387542988138,0.9512642995798285,0.8490721407969278,48.0,48.0,48.0
ECG200,0.28125,4.0,mean,False,0.7846293141933713,0.7719396002129086,0.9052062867874757,0.7972545830578445,0.8816117607838853,0.7784175133432254,48.0,48.0,48.0
ECG200,0.28125,4.0,zero,True,0.566921838810291,0.5711235521663123,0.31000000000000005,0.36,0.46267902541659367,0.47701186381497707,48.0,48.0,48.0
ECG200,0.28125,4.0,linear,True,0.9427283585284536,0.8495979183814886,0.4310149312060152,0.41814660932794145,0.9102989463417887,0.8058007287884049,48.0,48.0,48.0
ECG200,0.28125,4.0,mean,True,0.932768095775923,0.8379193165563128,0.7187597295130721,0.6933516454244734,0.783177573948633,0.7424356245968718,48.0,48.0,48.0
ECG200,0.28125,5.0,zero,False,0.29937158774257355,0.4189268161869214,0.5789164335427233,0.5683299578380001,0.356861568097407,0.4496808863116454,48.0,45.0,45.0
ECG200,0.28125,5.0,linear,False,0.7635555141122806,0.7094276876754493,0.9698027300880541,0.8542253568823682,0.9504208029349716,0.8636685708081888,48.0,45.0,45.0
ECG200,0.28125,5.0,mean,False,0.7846293141933713,0.7719396002129086,0.820504572383079,0.7509026187279345,0.8865333262733961,0.831444035487436,48.0,45.0,45.0
ECG200,0.28125,5.0,zero,True,0.566921838810291,0.5711235521663123,0.31000000000000005,0.36,0.4581696478630718,0.4907217873071944,48.0,45.0,45.0
ECG200,0.28125,5.0,linear,True,0.9427283585284536,0.8495979183814886,0.34729973398149017,0.385662148296833,0.8813649984174393,0.8460595275473214,48.0,45.0,45.0
ECG200,0.28125,5.0,mean,True,0.932768095775923,0.8379193165563128,0.6899744703458964,0.6399210446843505,0.812303450323627,0.7324035857792917,48.0,45.0,45.0
